id,name,type,mimeType,driveId,driveName,parent_id,full_path,createdTime,modifiedTime
1aTQd9WQL319UUoH_qPsEOIkIIOsAhnXD,주식회사 셀파소프트 투자심사보고서.pdf,file,application/pdf,0ADRmYMCfHI3HUk9PVA,투자실(권한 주의),1-88aT4HQHj_IcIjK75qQ9cMMQTPED2pb,/투자실(권한 주의)/03. 펀드팀/★04. Type 2/60. 스타트업코리아 비전 2024 펀드 (신한벤처투자)/06. 투심보고(해당자)/260312_셀파소프트/주식회사 셀파소프트 투자심사보고서.pdf,2026-03-05T09:25:04.158Z,2026-03-05T09:25:01.695Z
1a5QSZ-GnbuSFwKVoIIumlYysDXOqZBmb,(주)아델_심사보고서.pdf,file,application/pdf,0ADRmYMCfHI3HUk9PVA,투자실(권한 주의),1IosJpgZWxvb3qibDaBiRVcPJVfGDnl_i,/투자실(권한 주의)/03. 펀드팀/★04. Type 2/60. 스타트업코리아 비전 2024 펀드 (신한벤처투자)/06. 투심보고(해당자)/260312_아델/(주)아델_심사보고서.pdf,2026-03-05T09:24:44.631Z,2026-03-05T09:24:44.274Z
1tcQ7SurzHu7JOkSR-hp0FWzHLJQntbF4,(첨부1) 투자심사보고서_임팩티브에이아이.pdf,file,application/pdf,0ADRmYMCfHI3HUk9PVA,투자실(권한 주의),1xW1NPuqrMm46aykQnLMkDlPscHqpkgeq,/투자실(권한 주의)/03. 펀드팀/★04. Type 2/47. 에이벤처스 W 유니콘 투자조합 2호 (에이벤처스)/06. 투심보고(해당자)/20250724_임팩티브에이아이/(첨부1) 투자심사보고서_임팩티브에이아이.pdf,2026-03-05T08:15:39.036Z,2026-03-05T08:13:49.000Z
1sAbU1YtVtIUVoJ8FpgNasW06wX3s7R4X,하이드로엑스팬드_투자심사보고서.pdf,file,application/pdf,0ADRmYMCfHI3HUk9PVA,투자실(권한 주의),1zSB11tSrq-CE2aGdNfkAPFK8P7LPBMIZ,/투자실(권한 주의)/03. 펀드팀/★04. Type 2/56. 컴퍼니케이 뉴스페이스펀드 (컴퍼니케이파트너스)/06. 투심보고(해당자)/20250428_(주)하이드로엑스팬드/하이드로엑스팬드_투자심사보고서.pdf,2026-03-05T08:17:03.945Z,2026-03-05T08:12:12.000Z
1HK8xSlf_SHWh5S1px6fgG-AQj1eEcccj,투자심사보고서_뉴로다임.pdf,file,application/pdf,0ADRmYMCfHI3HUk9PVA,투자실(권한 주의),19J24Ec1hc_x8dtn_AHGbaitI1mMNP50K,/투자실(권한 주의)/03. 펀드팀/★04. Type 2/58. 2024 에이스톤 미래환경 투자조합 (에이스톤벤처스)/06. 투심보고(해당자)/260226_뉴로다임/투자심사보고서_뉴로다임.pdf,2026-02-23T01:34:09.650Z,2026-02-23T01:32:08.000Z
1ejKtAyk3DVwfDSUmkGmuB821yHcKvugm,투자심사보고서(피알지에스앤텍)_2023에스초격차지역균형발전투자조합 (20260224)_최종.pdf,file,application/pdf,0ADRmYMCfHI3HUk9PVA,투자실(권한 주의),15xUG1dgyNhaH33ZPHHmav-dkwaCaOCWz,/투자실(권한 주의)/03. 펀드팀/★04. Type 2/46. 2023에스초격차지역균형발전투자조합 (에스벤처스)/06. 투심보고(해당자)/20260224_(주)피알지에스앤텍/투자심사보고서(피알지에스앤텍)_2023에스초격차지역균형발전투자조합 (20260224)_최종.pdf,2026-02-12T07:19:03.569Z,2026-02-12T07:17:22.000Z
13JF4S-y2slYt_bWfNyMCW3E-TYiRzz7H,메디웨일_pre-IPO_일본펀드_3차투심보고서.pdf,file,application/pdf,0ADRmYMCfHI3HUk9PVA,투자실(권한 주의),12C02fiVMpRReQO20aTGb0GHQ2prZdqdc,/투자실(권한 주의)/03. 펀드팀/★04. Type 2/45. IMM JAPAN 핵심기술 벤처펀드 제1호 (아이엠엠인베스트먼트)/06. 투심보고(해당자)/260213_메디웨일/메디웨일_pre-IPO_일본펀드_3차투심보고서.pdf,2026-02-06T07:14:58.886Z,2026-02-06T07:13:57.000Z
1X9SoJh_y47DE78g65O6qr156pkgtC6cv,심사보고서_비즈(주).pdf,file,application/pdf,0ADRmYMCfHI3HUk9PVA,투자실(권한 주의),1wov8Y7Ey2VgyxjZRckUA8JNSPrMswGLF,/투자실(권한 주의)/03. 펀드팀/★04. Type 2/60. 스타트업코리아 비전 2024 펀드 (신한벤처투자)/06. 투심보고(해당자)/260205_비즈(주)/심사보고서_비즈(주).pdf,2026-02-03T08:45:14.217Z,2026-02-03T08:44:02.000Z
18YKCeI6E_90ISGCLS8brW-mzRrPS3XVU,투자심사보고서_소바젠(후속).pdf,file,application/pdf,0ADRmYMCfHI3HUk9PVA,투자실(권한 주의),1NrJmam7JHdDIvoPKkOSscNcjy2zwc462,/투자실(권한 주의)/03. 펀드팀/★04. Type 2/58. 2024 에이스톤 미래환경 투자조합 (에이스톤벤처스)/06. 투심보고(해당자)/260210_소바젠(후속)/투자심사보고서_소바젠(후속).pdf,2026-02-03T07:20:05.222Z,2026-02-03T07:14:18.000Z
1rLBsQA1QQ5oyhHwoa787UwZtVfZtZ-1F,(첨부1) 투자심사보고서_서울다이나믹스 주식회사.pdf,file,application/pdf,0ADRmYMCfHI3HUk9PVA,투자실(권한 주의),1gabq925JTCCyO6R7G1Xt9yKLfnYmIvDI,/투자실(권한 주의)/03. 펀드팀/★04. Type 2/70. 에이벤처스 AX 유니콘 투자조합(에이벤처스)/06. 투심보고(해당자)/260209_서울다이나믹스/(첨부1) 투자심사보고서_서울다이나믹스 주식회사.pdf,2026-02-03T02:23:16.320Z,2026-02-03T02:22:00.000Z
17mybye8ONIrlvWgn6aiqx_P9GxjdXTPb,[사운드리퍼블리카] 투자심사보고서.pdf,file,application/pdf,0ADRmYMCfHI3HUk9PVA,투자실(권한 주의),1QwryY1hIHi7mGOyQe4su3BMBf1j_Rr5b,/투자실(권한 주의)/03. 펀드팀/★04. Type 2/34. 파인드어스 투자조합2호 (파인드어스)/06. 투심보고(해당자)/20260206_사운드리퍼블리카/[사운드리퍼블리카] 투자심사보고서.pdf,2026-01-30T08:11:02.455Z,2026-01-30T08:09:51.000Z
124HIMcey-7xfWvxLM34kPKGN4SJu8iKE,심사보고서_비즈(주).pdf,file,application/pdf,0ADRmYMCfHI3HUk9PVA,투자실(권한 주의),13Y0Afgh97XSsD2u6CLl3vOZ_wad3E7Gt,/투자실(권한 주의)/03. 펀드팀/★04. Type 2/60. 스타트업코리아 비전 2024 펀드 (신한벤처투자)/06. 투심보고(해당자)/260205_비즈(주)/수정 전/심사보고서_비즈(주).pdf,2026-01-30T00:08:45.374Z,2026-01-30T00:07:50.000Z
137Z0nobCPb2aF9UWFZ7H0zy6y11TJdMT,리버티로보틱스_투자심사보고서.pdf,file,application/pdf,0ADRmYMCfHI3HUk9PVA,투자실(권한 주의),1Y59lde3ex69L7qYRSdRerUov-C-85DKy,/투자실(권한 주의)/03. 펀드팀/★04. Type 2/56. 컴퍼니케이 뉴스페이스펀드 (컴퍼니케이파트너스)/06. 투심보고(해당자)/20260126_리버티로보틱스/리버티로보틱스_투자심사보고서.pdf,2026-01-20T05:57:09.953Z,2026-01-20T05:55:42.000Z
1O1K3hae8ugkNVaAbLz4kVTO_aqcyDZ3a,인피닉션_투자심사보고서.pdf,file,application/pdf,0ADRmYMCfHI3HUk9PVA,투자실(권한 주의),1rw0tsYYx8CB_wrpjTobp1phE7YbA7Ik6,/투자실(권한 주의)/03. 펀드팀/★04. Type 2/50. 스프링캠프-KIF 초기전문 투자조합 (스프링캠프)/06. 투심보고(해당자)/20260123_인피닉션/인피닉션_투자심사보고서.pdf,2026-01-19T02:44:08.976Z,2026-01-19T02:38:14.000Z
1n3EEVddCxAfiBJX4yUDGt8_DSCGpCXbX,사전보고서_KIF_Platoon.pdf,file,application/pdf,0ADRmYMCfHI3HUk9PVA,투자실(권한 주의),1UdOGL2bQn6FRWii_-A_twxscxew7a30V,/투자실(권한 주의)/03. 펀드팀/★04. Type 2/50. 스프링캠프-KIF 초기전문 투자조합 (스프링캠프)/06. 투심보고(해당자)/20260115_Platoon(후행투자)/사전보고서_KIF_Platoon.pdf,2026-01-16T01:25:33.160Z,2026-01-16T01:24:11.000Z
1GUvWPE5IMoVbvg_T_2rmmgyV_6lwbLf8,투심보고서_상생 1호_Platoon.pdf,file,application/pdf,0ADRmYMCfHI3HUk9PVA,투자실(권한 주의),1UdOGL2bQn6FRWii_-A_twxscxew7a30V,/투자실(권한 주의)/03. 펀드팀/★04. Type 2/50. 스프링캠프-KIF 초기전문 투자조합 (스프링캠프)/06. 투심보고(해당자)/20260115_Platoon(후행투자)/투심보고서_상생 1호_Platoon.pdf,2026-01-16T01:25:33.226Z,2026-01-16T01:24:11.000Z
1w3FSapD17c9hAnBqDFdix10KxTZiSA2G,투심보고서_상생 2호_Platoon.pdf,file,application/pdf,0ADRmYMCfHI3HUk9PVA,투자실(권한 주의),1UdOGL2bQn6FRWii_-A_twxscxew7a30V,/투자실(권한 주의)/03. 펀드팀/★04. Type 2/50. 스프링캠프-KIF 초기전문 투자조합 (스프링캠프)/06. 투심보고(해당자)/20260115_Platoon(후행투자)/투심보고서_상생 2호_Platoon.pdf,2026-01-16T01:25:33.576Z,2026-01-16T01:24:11.000Z
1RxEFUSFIEwMzhOGR0ym_VHZZpxDwrf4Y,"260114_인터엑스_투심보고서_WE청년1호, WE초기2호.pdf",file,application/pdf,0ADRmYMCfHI3HUk9PVA,투자실(권한 주의),1kP_G_Z7k4JcHPJzFBEie6K2BJO1IHCGG,"/투자실(권한 주의)/03. 펀드팀/★04. Type 2/30. WE청년 메이트 펀드 1호 (위벤처스)/06. 투심보고(해당자)/20260121_인터엑스/260114_인터엑스_투심보고서_WE청년1호, WE초기2호.pdf",2026-01-15T00:33:00.511Z,2026-01-15T00:31:55.000Z
1zdVEtzWXgoGTFKE4iAYq9YL4HsJSRQ0i,(첨부1) 투자심사보고서_알엑스 주식회사.pdf,file,application/pdf,0ADRmYMCfHI3HUk9PVA,투자실(권한 주의),1sPxDzAr0JEhnzkIxqMt84JXuKfa5wnuC,/투자실(권한 주의)/03. 펀드팀/★04. Type 2/70. 에이벤처스 AX 유니콘 투자조합(에이벤처스)/06. 투심보고(해당자)/260112_알엑스/(첨부1) 투자심사보고서_알엑스 주식회사.pdf,2026-01-08T01:51:48.478Z,2026-01-08T01:50:42.000Z
1OUPjDv_6-UaVlR-ZCRvTgLIQ1M5q7Zv-,(주)오픈에셋_투자심사보고서_VF.pdf,file,application/pdf,0ADRmYMCfHI3HUk9PVA,투자실(권한 주의),1wS-P7ZCSlpwh4SL6k5rw-GT8Eb56HP0X,"/투자실(권한 주의)/03. 펀드팀/★04. Type 2/35. 하나-제피러스 프론트원 스타트업펀드(하나벤처스, 제피러스)/06. 투심보고(해당자)/260112_오픈에셋/(주)오픈에셋_투자심사보고서_VF.pdf",2026-01-07T07:59:42.756Z,2026-01-07T07:59:08.000Z
1Z9cx0xFSk4J7F1f4Juplp2TrQ58G3WfL,1.투자심사보고서_(주)씨너지(후속).pdf,file,application/pdf,0ADRmYMCfHI3HUk9PVA,투자실(권한 주의),1dpM2pMScOp7QOlzO3-WUEdAUoTZFOvFR,/투자실(권한 주의)/03. 펀드팀/★04. Type 2/58. 2024 에이스톤 미래환경 투자조합 (에이스톤벤처스)/06. 투심보고(해당자)/260112_씨너지(후속)/1.투자심사보고서_(주)씨너지(후속).pdf,2026-01-07T07:52:54.093Z,2026-01-07T07:49:42.000Z
19I9myguhL99MFa6cgIeaf7dlhN7RebAG,투자심사보고서(다원메닥스)_(2023에스초격차지역균형발전투자조합)(2025.12.19) final.pdf,file,application/pdf,0ADRmYMCfHI3HUk9PVA,투자실(권한 주의),18u13hzoBKb6M_wV35rBeLsYN0hXYgDnC,/투자실(권한 주의)/03. 펀드팀/★04. Type 2/46. 2023에스초격차지역균형발전투자조합 (에스벤처스)/06. 투심보고(해당자)/20251219_(주)다원메닥스_취소/투자심사보고서(다원메닥스)_(2023에스초격차지역균형발전투자조합)(2025.12.19) final.pdf,2026-01-07T05:44:08.970Z,2026-01-07T05:43:01.000Z
1ne40G5WGxdHfBCGp04vJWhthRv_-XRVs,알엑스_투자심사보고서.pdf,file,application/pdf,0ADRmYMCfHI3HUk9PVA,투자실(권한 주의),1M6P_CGlFtimNEhztjBor7IdGWZVMa_-J,/투자실(권한 주의)/03. 펀드팀/★04. Type 2/56. 컴퍼니케이 뉴스페이스펀드 (컴퍼니케이파트너스)/06. 투심보고(해당자)/20251231_알엑스/알엑스_투자심사보고서.pdf,2025-12-24T05:04:33.113Z,2025-12-24T05:02:18.000Z
1aYIR44nOqgo2_5bGG4i7c62OaJ_KB2Fi,251210_위드포인츠_투심보고서_WE청년1호.pdf,file,application/pdf,0ADRmYMCfHI3HUk9PVA,투자실(권한 주의),1tj2UOzU_a93yfMkFJkHDbFcv4rcnyyPF,/투자실(권한 주의)/03. 펀드팀/★04. Type 2/30. WE청년 메이트 펀드 1호 (위벤처스)/06. 투심보고(해당자)/20251217_위드포인츠/251210_위드포인츠_투심보고서_WE청년1호.pdf,2025-12-11T05:02:07.006Z,2025-12-11T05:01:39.000Z
1VstCez0hATJTTQdQcKarjFYkKWijBSIh,(농식품)새봄팜스_투심보고서_final.pdf,file,application/pdf,0ADRmYMCfHI3HUk9PVA,투자실(권한 주의),1fZICTGaxu67ZMF1GrxyPMGokfiITrc1X,"/투자실(권한 주의)/03. 펀드팀/★04. Type 2/48. 타임-아이피 농식품 벤처펀드 (타임웍스인베스트먼트, 아이피파트너스)/06. 투심보고(해당자)/251216_새봄팜스/(농식품)새봄팜스_투심보고서_final.pdf",2025-12-10T02:22:11.414Z,2025-12-10T02:21:26.000Z
1inU8CBExZCGDh598ABXR-zgR4PkLhWVM,스마트대한민국유티씨비대면투자조합 후행투자보고서_당근마켓.pdf,file,application/pdf,0ADRmYMCfHI3HUk9PVA,투자실(권한 주의),1lYTkJgeta4SJkli7Ewd5CBdws72CpJsZ,/투자실(권한 주의)/03. 펀드팀/★04. Type 2/41. 스마트대한민국유티씨비대면투자조합(포레스트벤처스)/06. 투심보고(해당자)/202512/스마트대한민국유티씨비대면투자조합 후행투자보고서_당근마켓.pdf,2025-12-08T09:07:10.820Z,2025-12-08T09:05:30.000Z
1Z9J3-8pV-5hqzz6Qq6yXKjo8R70EC1Mq,251208_플코스킨(2차)_투심보고서_WE청년1호.pdf,file,application/pdf,0ADRmYMCfHI3HUk9PVA,투자실(권한 주의),1wWcTmDfzlTZ4DU_IKYmymp0rLWGOMi-Q,/투자실(권한 주의)/03. 펀드팀/★04. Type 2/30. WE청년 메이트 펀드 1호 (위벤처스)/06. 투심보고(해당자)/20251215_폴코스킨/251208_플코스킨(2차)_투심보고서_WE청년1호.pdf,2025-12-08T09:02:42.841Z,2025-12-08T09:02:28.000Z
1Bx9IxKdSaBmV7zAsZqu5OdkUWYNo518W,[첨부] ㈜팡세 후행투자 관련 Valuation 적정성 및 이해상충 가능성 검토보고서.pdf,file,application/pdf,0ADRmYMCfHI3HUk9PVA,투자실(권한 주의),1mq2wscfXS1jpp1VfYqsiCxtfwHi3n6On,"/투자실(권한 주의)/03. 펀드팀/★04. Type 2/49. 아이비케이 디캠프 IP기술사업화 KIAMCO인라이트 펀드 (인라이트벤처스, 케이디비인프라자산운용)/06. 투심보고(해당자)/20251212_팡세(후행투자)/[첨부] ㈜팡세 후행투자 관련 Valuation 적정성 및 이해상충 가능성 검토보고서.pdf",2025-12-08T00:34:56.613Z,2025-12-08T00:27:11.000Z
1t36vQ83_GYZuAVtYK8ZOxaZ7HLPNyTXo,투자심사보고서_메텍홀딩스.pdf,file,application/pdf,0ADRmYMCfHI3HUk9PVA,투자실(권한 주의),1rKf8M5ZrQmEYu_MDMMHFp2Vw74yO6wWB,/투자실(권한 주의)/03. 펀드팀/★04. Type 2/58. 2024 에이스톤 미래환경 투자조합 (에이스톤벤처스)/06. 투심보고(해당자)/251210_메텍홀딩스/투자심사보고서_메텍홀딩스.pdf,2025-12-04T04:20:47.989Z,2025-12-04T04:18:46.000Z
1qRTijbo9RhV6x7iEmr2iSMEo9WR8iAk6,(첨부1) 투자심사보고서_(주)진씨커.pdf,file,application/pdf,0ADRmYMCfHI3HUk9PVA,투자실(권한 주의),1Jjt4-3mpN2D9XugeTl5e9haSSG-BdGYd,/투자실(권한 주의)/03. 펀드팀/★04. Type 2/47. 에이벤처스 W 유니콘 투자조합 2호 (에이벤처스)/06. 투심보고(해당자)/20251124_진씨커/(첨부1) 투자심사보고서_(주)진씨커.pdf,2025-11-18T06:33:58.901Z,2025-11-18T06:29:55.000Z
1GPJe3Ln18TN-YyKlYhFWs6nzfd6eG6KF,투자심사보고서(듀셀)_(2023에스초격차지역균형발전투자조합)(2025-11-24)_20251117_v3.pdf,file,application/pdf,0ADRmYMCfHI3HUk9PVA,투자실(권한 주의),1OJgwBEi05PN579eZiNR62-ybsDc3TSif,/투자실(권한 주의)/03. 펀드팀/★04. Type 2/46. 2023에스초격차지역균형발전투자조합 (에스벤처스)/06. 투심보고(해당자)/20251124_듀셀/투자심사보고서(듀셀)_(2023에스초격차지역균형발전투자조합)(2025-11-24)_20251117_v3.pdf,2025-11-17T07:47:08.574Z,2025-11-17T07:46:05.000Z
1M22SoBBBgxoYLLZ4n5p8GpgDOPGOIjNE,투자심사보고서(코리아인스트루먼트)_2023에스초격차지역균형발전투자조합(2025-11-14)_최종)_FFF.pdf,file,application/pdf,0ADRmYMCfHI3HUk9PVA,투자실(권한 주의),1xvvvt8-dnHr7TLeLFFNUKFbl1x3vml7K,/투자실(권한 주의)/03. 펀드팀/★04. Type 2/46. 2023에스초격차지역균형발전투자조합 (에스벤처스)/06. 투심보고(해당자)/20251121_코리아인스트루먼트/투자심사보고서(코리아인스트루먼트)_2023에스초격차지역균형발전투자조합(2025-11-14)_최종)_FFF.pdf,2025-11-17T07:17:08.872Z,2025-11-17T07:16:10.000Z
1uDFlnlXBTxcSowc2cBvsPU1euJUp79u5,워커린스페이스_투자심사보고서.pdf,file,application/pdf,0ADRmYMCfHI3HUk9PVA,투자실(권한 주의),1AjcdEvMFOpKqQDG7kWpI3dIB9_LX4Btt,/투자실(권한 주의)/03. 펀드팀/★04. Type 2/60. 스타트업코리아 비전 2024 펀드 (신한벤처투자)/06. 투심보고(해당자)/251120_(주)워커린스페이스/워커린스페이스_투자심사보고서.pdf,2025-11-17T00:38:43.104Z,2025-11-17T00:36:48.000Z
1LQouJRRCySbhlcaVw6ESnPcb0usAn-FR,사이오닉에이아이 3차 투심보고서.pdf,file,application/pdf,0ADRmYMCfHI3HUk9PVA,투자실(권한 주의),1Pu4XdXkrG7rFAsuOAhtLeGiCHRPsZrUh,/투자실(권한 주의)/03. 펀드팀/★04. Type 2/45. IMM JAPAN 핵심기술 벤처펀드 제1호 (아이엠엠인베스트먼트)/06. 투심보고(해당자)/251117_사이오닉에이아이/사이오닉에이아이 3차 투심보고서.pdf,2025-11-11T06:24:55.022Z,2025-11-11T06:23:48.000Z
1Ot71_qFmjBsig2Txv7D4taYXWeZ0Bsb9,251110_제이아이씨글로벌_투심보고서_WE청년1호_재투심.pdf,file,application/pdf,0ADRmYMCfHI3HUk9PVA,투자실(권한 주의),1Q3OxhLQT1SXJ80RJCeH3bfmSeqZw5zJ-,/투자실(권한 주의)/03. 펀드팀/★04. Type 2/30. WE청년 메이트 펀드 1호 (위벤처스)/06. 투심보고(해당자)/20251117_제이아이씨글로벌/251110_제이아이씨글로벌_투심보고서_WE청년1호_재투심.pdf,2025-11-11T00:36:00.425Z,2025-11-11T00:33:30.000Z
18tvlZ-8Yf3DWR38po6QJ2ZP7xLtXLGkS,(첨부1) 투자심사보고서_(주)퍼스트에프엔씨(최종).pdf,file,application/pdf,0ADRmYMCfHI3HUk9PVA,투자실(권한 주의),1z5YIcDu4V9H4Fd22udYu9qlFew_Jo1Tt,/투자실(권한 주의)/03. 펀드팀/★04. Type 2/47. 에이벤처스 W 유니콘 투자조합 2호 (에이벤처스)/06. 투심보고(해당자)/20251029_퍼스트에프엔씨/(첨부1) 투자심사보고서_(주)퍼스트에프엔씨(최종).pdf,2025-11-04T07:45:43.268Z,2025-11-04T07:45:23.000Z
1CF5_q2X3dWCBw7rzyiDzLNcMSgrLFVAV,(첨부1) 투자심사보고서_Quantinumm (Colorado Holdco).pdf,file,application/pdf,0ADRmYMCfHI3HUk9PVA,투자실(권한 주의),1C8jW71ZuBErMik91Svn3KGWgCK1EaDCG,/투자실(권한 주의)/03. 펀드팀/★04. Type 2/47. 에이벤처스 W 유니콘 투자조합 2호 (에이벤처스)/06. 투심보고(해당자)/20251023_Colorado Holdco/(첨부1) 투자심사보고서_Quantinumm (Colorado Holdco).pdf,2025-10-27T01:10:55.141Z,2025-10-27T01:09:10.000Z
1wkyE9xDd0YCPMuwAH47G-glx3O9-96e2,251022_제이아이씨글로벌_투심보고서_WE청년1호.pdf,file,application/pdf,0ADRmYMCfHI3HUk9PVA,투자실(권한 주의),1vsJjLOk0g3Laqf5uDnHU7AIHmvGK5q9b,/투자실(권한 주의)/03. 펀드팀/★04. Type 2/30. WE청년 메이트 펀드 1호 (위벤처스)/06. 투심보고(해당자)/20251022_제이아이씨글로벌/251022_제이아이씨글로벌_투심보고서_WE청년1호.pdf,2025-10-27T01:03:15.854Z,2025-10-27T00:58:11.000Z
1eLHalpDkJMwJxgPNtmV6zI22PAEIv_p6,(첨부1) 투자심사보고서_Quantinuum SPV(가칭).pdf,file,application/pdf,0ADRmYMCfHI3HUk9PVA,투자실(권한 주의),10yQhk-PVdMQztsx_UxlUgING0Vm7H5ot,/투자실(권한 주의)/03. 펀드팀/★04. Type 2/47. 에이벤처스 W 유니콘 투자조합 2호 (에이벤처스)/06. 투심보고(해당자)/20251023_Colorado Holdco/이전 버전/(첨부1) 투자심사보고서_Quantinuum SPV(가칭).pdf,2025-10-21T00:54:05.431Z,2025-10-21T00:53:07.000Z
1BoWKgpG2__2MKxAcackGMMj5gj1ShfS1,02. 붙임_엔도로보틱스-투자심사보고서(2025).pdf,file,application/pdf,0ADRmYMCfHI3HUk9PVA,투자실(권한 주의),1dmsSO6WfOrueNfVi5w1V5plxVegKRCcs,/투자실(권한 주의)/03. 펀드팀/★04. Type 2/11. 케이그라운드-홍릉 첨단과학기술사업화 제1호 투자조합 (케이그라운드벤처스)/06. 투심보고(해당자)/202511_엔도로보틱스 (후행투자)/02. 붙임_엔도로보틱스-투자심사보고서(2025).pdf,2025-10-13T08:04:59.950Z,2025-10-13T07:53:44.000Z
1Cmi6IbuFGBCFlRgs7ytmmBjgPwe7GJ_f,(첨부1) 투자심사보고서_Quantinuum.pdf,file,application/pdf,0ADRmYMCfHI3HUk9PVA,투자실(권한 주의),1RYow1Z5m0HxPEDuvqFAgVniuZYjoA8tE,/투자실(권한 주의)/03. 펀드팀/★04. Type 2/47. 에이벤처스 W 유니콘 투자조합 2호 (에이벤처스)/06. 투심보고(해당자)/20250930_Quantinuum/(첨부1) 투자심사보고서_Quantinuum.pdf,2025-09-30T02:16:20.255Z,2025-09-30T02:08:30.000Z
1JgtOdSiLqW50NqGwsWLKUKlHKpeqABlb,가디언에이아이_투심보고서_수정본.pdf,file,application/pdf,0ADRmYMCfHI3HUk9PVA,투자실(권한 주의),1ISISQyrOuzAzhsJfeloWQTaNj8R7U4q4,/투자실(권한 주의)/03. 펀드팀/★04. Type 2/50. 스프링캠프-KIF 초기전문 투자조합 (스프링캠프)/06. 투심보고(해당자)/20251013_가디언에이아이(재개최)/가디언에이아이_투심보고서_수정본.pdf,2025-09-29T07:48:38.539Z,2025-09-29T07:24:12.000Z
1mnI4ctdNF0WZ8hcuWKOwUhoc7dZSv104,(농식품)투자심사보고서_크리에이츠_final.pdf,file,application/pdf,0ADRmYMCfHI3HUk9PVA,투자실(권한 주의),1PkwSZtgsa-S4r_9_0v5PQeWRqls92J0t,"/투자실(권한 주의)/03. 펀드팀/★04. Type 2/48. 타임-아이피 농식품 벤처펀드 (타임웍스인베스트먼트, 아이피파트너스)/06. 투심보고(해당자)/250930_크리에이츠/(농식품)투자심사보고서_크리에이츠_final.pdf",2025-09-24T02:08:33.986Z,2025-09-24T01:52:54.000Z
1me_O0Z6OGalKdoslqC7TAQRZGvfESYnN,00_Report(리하이)_투자심사보고서.pdf,file,application/pdf,0ADRmYMCfHI3HUk9PVA,투자실(권한 주의),1Uwdq6LsqsxgpShOwadoUzgahtcOGqsId,/투자실(권한 주의)/03. 펀드팀/★04. Type 2/55. 케이디비 퀀텀 모빌리티 밸류체인 오픈이노베이션펀드 (퀀텀벤처스코리아)/06. 투심보고(해당자)/20250930_리하이/00_Report(리하이)_투자심사보고서.pdf,2025-09-23T05:08:34.235Z,2025-09-23T04:54:06.000Z
1H3tcgcQQM8kE8gJYzv75ybKhIBP0e6HU,인텔릭스_투자심사보고서.pdf,file,application/pdf,0ADRmYMCfHI3HUk9PVA,투자실(권한 주의),1KNxZtcXRlrEMg0x-ptXKLB_dCF8FKFn-,/투자실(권한 주의)/03. 펀드팀/★04. Type 2/56. 컴퍼니케이 뉴스페이스펀드 (컴퍼니케이파트너스)/06. 투심보고(해당자)/20250918_인텔릭스/인텔릭스_투자심사보고서.pdf,2025-09-12T02:22:19.404Z,2025-09-12T02:19:22.000Z
1GC4FGLlk7_vBfdPqgkVEY9VSomSphebe,투자심사보고서(피알지에스앤텍)_2023에스초격차지역균형발전투자조합 (2024-09-18) Ver2_최종.pdf,file,application/pdf,0ADRmYMCfHI3HUk9PVA,투자실(권한 주의),1Lod5g6GpBQkET9sr8U96vXpoOKRGkQ_F,/투자실(권한 주의)/03. 펀드팀/★04. Type 2/46. 2023에스초격차지역균형발전투자조합 (에스벤처스)/06. 투심보고(해당자)/20250918_피알지에스엔텍/투자심사보고서(피알지에스앤텍)_2023에스초격차지역균형발전투자조합 (2024-09-18) Ver2_최종.pdf,2025-09-12T02:21:35.276Z,2025-09-12T02:18:34.000Z
1LD6ec82LnByyVbA01nsgAywDOc12SBv1,투심위보고서_빅테크플러스_20250819.pdf,file,application/pdf,0ADRmYMCfHI3HUk9PVA,투자실(권한 주의),1Im7zFsyKge9U-b-5S7HxzEqXHQg33ria,/투자실(권한 주의)/03. 펀드팀/★04. Type 2/42. KIP Southeast Asia Venture Fund 1 (한국투자파트너스 싱가포르)/06. 투심보고(해당자)/20250825_빅테크플러스/투심위보고서_빅테크플러스_20250819.pdf,2025-08-19T08:46:51.525Z,2025-08-19T08:45:14.000Z
1U4yNwWKx1H78k9Tkzqus9LlCU1HOJFLS,코스모비_투자심사보고서.pdf,file,application/pdf,0ADRmYMCfHI3HUk9PVA,투자실(권한 주의),1OxbPcG68NX3R6MAM7Ryd0vYyJIovGjV6,/투자실(권한 주의)/03. 펀드팀/★04. Type 2/56. 컴퍼니케이 뉴스페이스펀드 (컴퍼니케이파트너스)/06. 투심보고(해당자)/20250825_(주)코스모비/코스모비_투자심사보고서.pdf,2025-08-19T01:35:30.361Z,2025-08-19T01:33:34.000Z
1H5BJICgfyZqpYvmvCXV-BxpfeSmZqI2r,투자심사보고서 양식(멤스)_F.pdf,file,application/pdf,0ADRmYMCfHI3HUk9PVA,투자실(권한 주의),1SxGNg7Fnpmaw5MI17Ao5Q848ukOuWGhE,/투자실(권한 주의)/03. 펀드팀/★04. Type 2/46. 2023에스초격차지역균형발전투자조합 (에스벤처스)/06. 투심보고(해당자)/20250818_멤스/투자심사보고서 양식(멤스)_F.pdf,2025-08-19T00:25:42.409Z,2025-08-19T00:24:05.000Z
1dAjdBc9IVhUdiEduKC5SWOxPYXWGavPm,첨부_투자대상기업 (주)퀀텀인텔리전스 후행투자관련 사전보고서(2023에스초격차지역균형발전투자조합).pdf,file,application/pdf,0ADRmYMCfHI3HUk9PVA,투자실(권한 주의),1sKl0PYmtMi096TfqVrOtEwk6aPbaA-Wm,/투자실(권한 주의)/03. 펀드팀/★04. Type 2/46. 2023에스초격차지역균형발전투자조합 (에스벤처스)/06. 투심보고(해당자)/20250822_후행투자_(주)퀀텀인텔리전스/첨부_투자대상기업 (주)퀀텀인텔리전스 후행투자관련 사전보고서(2023에스초격차지역균형발전투자조합).pdf,2025-08-13T08:03:27.978Z,2025-08-13T07:53:00.000Z
1jPaVKkmV_Vu3kOLOjpZji1D3Ovw8Dp_P,02. 투자심사보고서_엔에프_IP프로젝트투자.pdf,file,application/pdf,0ADRmYMCfHI3HUk9PVA,투자실(권한 주의),1SZ3RTapyIqAZhBa6DszcLH-eBliUUDft,/투자실(권한 주의)/03. 펀드팀/★04. Type 2/11. 케이그라운드-홍릉 첨단과학기술사업화 제1호 투자조합 (케이그라운드벤처스)/06. 투심보고(해당자)/202508_엔에프 (후행투자)/02. 투자심사보고서_엔에프_IP프로젝트투자.pdf,2025-08-07T04:37:48.315Z,2025-08-07T04:30:26.000Z
1HBq9TYRudmejZ03XtHVJtajXwakYUYeC,250804_로앤컴퍼니_투심보고서_WE청년1호.pdf,file,application/pdf,0ADRmYMCfHI3HUk9PVA,투자실(권한 주의),1z28Vn_UeJI9nCDWxJovIHdOkc3Doo5WT,/투자실(권한 주의)/03. 펀드팀/★04. Type 2/30. WE청년 메이트 펀드 1호 (위벤처스)/06. 투심보고(해당자)/20250812_로앤컴퍼니/250804_로앤컴퍼니_투심보고서_WE청년1호.pdf,2025-08-06T01:24:22.508Z,2025-08-06T01:21:40.000Z
1vHrA9xRniwxipNm6qnAEkE63AhbBJlYd,00_Report(텔레픽스)_투자심사보고서(발송용).pdf,file,application/pdf,0ADRmYMCfHI3HUk9PVA,투자실(권한 주의),16igUghWhsv3l312XXfziACPbb3H1mW3S,/투자실(권한 주의)/03. 펀드팀/★04. Type 2/55. 케이디비 퀀텀 모빌리티 밸류체인 오픈이노베이션펀드 (퀀텀벤처스코리아)/06. 투심보고(해당자)/20250811_텔레픽스/00_Report(텔레픽스)_투자심사보고서(발송용).pdf,2025-08-04T04:58:28.503Z,2025-08-04T04:57:34.000Z
1pz6GV7IK7NFBnaVvzjjSPq13h_o2MDW5,(250808) 투자검토보고서_(주)에스씨바이오(아이비케이 디캠프 IP기술사업화 KIAMCO인라이트 펀드).pdf,file,application/pdf,0ADRmYMCfHI3HUk9PVA,투자실(권한 주의),1JD_QPJiv7HfvbnEY0NT5Ul1kzchp56l0,"/투자실(권한 주의)/03. 펀드팀/★04. Type 2/49. 아이비케이 디캠프 IP기술사업화 KIAMCO인라이트 펀드 (인라이트벤처스, 케이디비인프라자산운용)/06. 투심보고(해당자)/20250808_디에스, 에스씨바이오/(250808) 투자검토보고서_(주)에스씨바이오(아이비케이 디캠프 IP기술사업화 KIAMCO인라이트 펀드).pdf",2025-08-04T04:56:58.752Z,2025-08-04T04:54:17.000Z
1AYYhfWT74_8wr0_Xn73GOI8Lm7rB4Eo1,(250808) 투자검토보고서_디에스(주)(아이비케이 디캠프 IP기술사업화 KIAMCO인라이트 펀드).pdf,file,application/pdf,0ADRmYMCfHI3HUk9PVA,투자실(권한 주의),1JD_QPJiv7HfvbnEY0NT5Ul1kzchp56l0,"/투자실(권한 주의)/03. 펀드팀/★04. Type 2/49. 아이비케이 디캠프 IP기술사업화 KIAMCO인라이트 펀드 (인라이트벤처스, 케이디비인프라자산운용)/06. 투심보고(해당자)/20250808_디에스, 에스씨바이오/(250808) 투자검토보고서_디에스(주)(아이비케이 디캠프 IP기술사업화 KIAMCO인라이트 펀드).pdf",2025-08-04T04:56:50.551Z,2025-08-04T04:54:14.000Z
13EFhBDxFUqqkMDwfWgZpaE1wptJJwyaV,투심보고서 (브이픽스메디칼)_250728.pdf,file,application/pdf,0ADRmYMCfHI3HUk9PVA,투자실(권한 주의),15-ygC5JTb7MRgh48nDsiVx6RCY39ZyvT,/투자실(권한 주의)/03. 펀드팀/★04. Type 2/42. KIP Southeast Asia Venture Fund 1 (한국투자파트너스 싱가포르)/06. 투심보고(해당자)/20250728_브이픽스메디칼/투심보고서 (브이픽스메디칼)_250728.pdf,2025-07-30T01:23:59.657Z,2025-07-30T01:20:45.000Z
1EXb8hsbWAKZCDAc2jRE3eFBuT6a4RZhZ,투자심사보고서(클라우드앤)_후속투자2_ver.4.0.(최종).pdf,file,application/pdf,0ADRmYMCfHI3HUk9PVA,투자실(권한 주의),1FaZWfMG16kazcRQ0HfF8OFKY8VaRk4WV,/투자실(권한 주의)/03. 펀드팀/★04. Type 2/46. 2023에스초격차지역균형발전투자조합 (에스벤처스)/06. 투심보고(해당자)/20250729_클라우드앤/투자심사보고서(클라우드앤)_후속투자2_ver.4.0.(최종).pdf,2025-07-23T02:33:15.300Z,2025-07-23T02:28:52.000Z
1Dwoi1DWOt4hiscA4NNGw40Cz07YwlPRG,Arummi 투자심사보고서_KOR.pdf,file,application/pdf,0ADRmYMCfHI3HUk9PVA,투자실(권한 주의),191H_2jSb8AiMzPsR75HOI_WGqNbzTYcO,/투자실(권한 주의)/03. 펀드팀/★04. Type 2/42. KIP Southeast Asia Venture Fund 1 (한국투자파트너스 싱가포르)/06. 투심보고(해당자)/20250725_Arummi/Arummi 투자심사보고서_KOR.pdf,2025-07-21T00:20:09.267Z,2025-07-21T00:11:03.000Z
1v1cVZyd7rg8_aq1FJPg8nwM5kZuo3BF5,(250717) 투자검토보고서_수퍼게이트(아이비케이 디캠프 IP기술사업화 KIAMCO인라이트 펀드)_v0.3.pdf,file,application/pdf,0ADRmYMCfHI3HUk9PVA,투자실(권한 주의),1vHYfpUWuAkgIhE_uzT8n59ZvLuZqmGT4,"/투자실(권한 주의)/03. 펀드팀/★04. Type 2/49. 아이비케이 디캠프 IP기술사업화 KIAMCO인라이트 펀드 (인라이트벤처스, 케이디비인프라자산운용)/06. 투심보고(해당자)/20250717_수퍼게이트/(250717) 투자검토보고서_수퍼게이트(아이비케이 디캠프 IP기술사업화 KIAMCO인라이트 펀드)_v0.3.pdf",2025-07-17T06:53:40.537Z,2025-07-17T06:51:11.000Z
1kANxbSMAud2NIaU_r63kBaE-hYlf-QMA,가디언에이아이_투심보고서.pdf,file,application/pdf,0ADRmYMCfHI3HUk9PVA,투자실(권한 주의),1lS1B2w2nh6FKEuFP4QuDtpcJGZkgvcKO,/투자실(권한 주의)/03. 펀드팀/★04. Type 2/50. 스프링캠프-KIF 초기전문 투자조합 (스프링캠프)/06. 투심보고(해당자)/20250724_가디언에이아이/가디언에이아이_투심보고서.pdf,2025-07-17T05:56:37.679Z,2025-07-17T05:53:47.000Z
18kxhr0B0unSYxn-DY94kMF98YArn2mMA,투자심사보고서_대영합섬.pdf,file,application/pdf,0ADRmYMCfHI3HUk9PVA,투자실(권한 주의),1iftMOCNmozKzOcHXsufo2yRtE3f-IU85,/투자실(권한 주의)/03. 펀드팀/★04. Type 2/58. 2024 에이스톤 미래환경 투자조합 (에이스톤벤처스)/06. 투심보고(해당자)/250723_대영합섬/투자심사보고서_대영합섬.pdf,2025-07-17T00:49:04.862Z,2025-07-17T00:36:45.000Z
1VtC-WX2eu-wr97Y02jmjYQvVobbu04rR,투자심사보고서(새솔테크)_(2023에스초격차지역균형발전투자조합)(2025.07.24).pdf,file,application/pdf,0ADRmYMCfHI3HUk9PVA,투자실(권한 주의),14vk3KyuIGjwLHAJXVGS802vcsYmN9dB4,/투자실(권한 주의)/03. 펀드팀/★04. Type 2/46. 2023에스초격차지역균형발전투자조합 (에스벤처스)/06. 투심보고(해당자)/20250722_세솔테크/투자심사보고서(새솔테크)_(2023에스초격차지역균형발전투자조합)(2025.07.24).pdf,2025-07-14T08:49:56.290Z,2025-07-14T08:48:06.000Z
13szZScQ8mU4PthYIU-BuzPa4Ai_bsEKS,디든로보틱스_투자심사보고서.pdf,file,application/pdf,0ADRmYMCfHI3HUk9PVA,투자실(권한 주의),1m4ODumHc0zkk5l3kzom1lijI3fQ9wCLG,/투자실(권한 주의)/03. 펀드팀/★04. Type 2/56. 컴퍼니케이 뉴스페이스펀드 (컴퍼니케이파트너스)/06. 투심보고(해당자)/20250716_디든로보틱스/디든로보틱스_투자심사보고서.pdf,2025-07-09T09:05:02.298Z,2025-07-09T09:02:17.000Z
1Bcnh-3odNG8QvINE2sOQUABOJRtbahwE,투자심사보고서_미스터아빠_final.pdf,file,application/pdf,0ADRmYMCfHI3HUk9PVA,투자실(권한 주의),14M_dN5C_MsGGJNPK9KH3EPK9EnVyHW4Q,"/투자실(권한 주의)/03. 펀드팀/★04. Type 2/48. 타임-아이피 농식품 벤처펀드 (타임웍스인베스트먼트, 아이피파트너스)/06. 투심보고(해당자)/250716_미스터아빠/투자심사보고서_미스터아빠_final.pdf",2025-07-09T08:09:41.630Z,2025-07-09T08:05:30.000Z
1gmCiXsGh-NU2ooyBwene_2XCrCeqNhHY,렌트리 주식회사_본투자심사보고서_vfff.pdf,file,application/pdf,0ADRmYMCfHI3HUk9PVA,투자실(권한 주의),1VEYSoc9DgfQT6Um9bzuQk_oOa0LHhizm,"/투자실(권한 주의)/03. 펀드팀/★04. Type 2/35. 하나-제피러스 프론트원 스타트업펀드(하나벤처스, 제피러스)/06. 투심보고(해당자)/250707_렌트리/렌트리 주식회사_본투자심사보고서_vfff.pdf",2025-06-30T09:23:18.375Z,2025-06-30T09:22:59.000Z
1gaGm-W_nJKqHmuwYo28cpTRhGeZhoA5M,250527_차일디(3차)_투심보고서_WE청년1호(재원배분 근거 첨부)_수정.pdf,file,application/pdf,0ADRmYMCfHI3HUk9PVA,투자실(권한 주의),1Ross05JgJiHAeWVdKp5mYL0wGfxUNOfn,/투자실(권한 주의)/03. 펀드팀/★04. Type 2/30. WE청년 메이트 펀드 1호 (위벤처스)/06. 투심보고(해당자)/20250604_차일디/250527_차일디(3차)_투심보고서_WE청년1호(재원배분 근거 첨부)_수정.pdf,2025-06-24T06:00:10.557Z,2025-06-24T05:59:05.000Z
1aII29WgrX8wrOiDiaQKB2bhQZxgsKHTh,(농식품)투심보고서_제이원.pdf,file,application/pdf,0ADRmYMCfHI3HUk9PVA,투자실(권한 주의),1y0umQK8FRvpNOE5KvFHnlhicoD_GVu_f,"/투자실(권한 주의)/03. 펀드팀/★04. Type 2/48. 타임-아이피 농식품 벤처펀드 (타임웍스인베스트먼트, 아이피파트너스)/06. 투심보고(해당자)/250630_제이1농업회사법인/(농식품)투심보고서_제이원.pdf",2025-06-24T00:00:32.848Z,2025-06-23T23:59:50.000Z
1uHw5Fb2Ux0-uUa3rbANk6RPiGdE2Ug-0,(첨부1) 투자심사보고서_매스어답션.pdf,file,application/pdf,0ADRmYMCfHI3HUk9PVA,투자실(권한 주의),1mlN-54KNM-0AEJ8JjKrSXAfcZATjJmuY,/투자실(권한 주의)/03. 펀드팀/★04. Type 2/47. 에이벤처스 W 유니콘 투자조합 2호 (에이벤처스)/06. 투심보고(해당자)/20250626_매스어답션/(첨부1) 투자심사보고서_매스어답션.pdf,2025-06-23T02:00:00.972Z,2025-06-23T01:58:26.000Z
1U3PpouOvvVtziNVi0VJntxpd3y--OGFN,[오픈리서치] 투자심사보고서.pdf,file,application/pdf,0ADRmYMCfHI3HUk9PVA,투자실(권한 주의),1b6CBH7hzn12QmBWzLPqdnvJNBaro4O1c,/투자실(권한 주의)/03. 펀드팀/★04. Type 2/34. 파인드어스 투자조합2호 (파인드어스)/06. 투심보고(해당자)/20250625_오픈리서치/[오픈리서치] 투자심사보고서.pdf,2025-06-20T05:35:57.264Z,2025-06-20T05:33:28.000Z
1MNd4K-Yk7nZVj4ZSTu45hQRV5X2r3sBa,(첨부1) 투자심사보고서_에이바이오머티리얼즈.pdf,file,application/pdf,0ADRmYMCfHI3HUk9PVA,투자실(권한 주의),1zxIKvJZA4LaVy31Z_1jtA9cHy1uDa6y3,/투자실(권한 주의)/03. 펀드팀/★04. Type 2/47. 에이벤처스 W 유니콘 투자조합 2호 (에이벤처스)/06. 투심보고(해당자)/20250619_에이바이오머티리얼즈/(첨부1) 투자심사보고서_에이바이오머티리얼즈.pdf,2025-06-13T02:19:38.266Z,2025-06-13T02:18:10.000Z
1JkgEI2Ws3SJap8KAOyWjQuTA4TKb4Yfj,투심보고서_메디맵바이오.pdf,file,application/pdf,0ADRmYMCfHI3HUk9PVA,투자실(권한 주의),1T1h1i2tDuWUatrqLojKWPoWcU0qFVGO-,/투자실(권한 주의)/03. 펀드팀/★04. Type 2/60. 스타트업코리아 비전 2024 펀드 (신한벤처투자)/06. 투심보고(해당자)/250619_메디맵바이오/투심보고서_메디맵바이오.pdf,2025-06-12T07:30:33.432Z,2025-06-12T07:29:35.000Z
1swl2Qqfl4MAJj65G6g-8xavApr8W1EyI,20250605_타브실리콘_본투심보고서_vF_Cleaned.pdf,file,application/pdf,0ADRmYMCfHI3HUk9PVA,투자실(권한 주의),1RxWUwAtU1WBt0T3qVaH3F0KO0U5lCgK3,"/투자실(권한 주의)/03. 펀드팀/★04. Type 2/35. 하나-제피러스 프론트원 스타트업펀드(하나벤처스, 제피러스)/06. 투심보고(해당자)/250616_타브실리콘/20250605_타브실리콘_본투심보고서_vF_Cleaned.pdf",2025-06-11T02:38:11.885Z,2025-06-11T02:37:28.000Z
1IxBJshFDNhVJ2cMg4HuQHVavPgnHC3z6,(250611) 투자검토보고서_(주)디에스(아이비케이 디캠프 IP기술사업화 KIAMCO인라이트 펀드).pdf,file,application/pdf,0ADRmYMCfHI3HUk9PVA,투자실(권한 주의),1tTaHfTSQfEfutG2s3BfFgE2hlacsTvAO,"/투자실(권한 주의)/03. 펀드팀/★04. Type 2/49. 아이비케이 디캠프 IP기술사업화 KIAMCO인라이트 펀드 (인라이트벤처스, 케이디비인프라자산운용)/06. 투심보고(해당자)/20250611_디에스/(250611) 투자검토보고서_(주)디에스(아이비케이 디캠프 IP기술사업화 KIAMCO인라이트 펀드).pdf",2025-06-04T08:44:28.560Z,2025-06-04T08:43:17.000Z
1EGfBOuT09LQf5FeSPRbpCndvjb5t04Qo,[솔라스틱] 투자심사보고서.pdf,file,application/pdf,0ADRmYMCfHI3HUk9PVA,투자실(권한 주의),123WM6L8GJTIWAVxhLCgIOObGVBXAPXhl,/투자실(권한 주의)/03. 펀드팀/★04. Type 2/34. 파인드어스 투자조합2호 (파인드어스)/06. 투심보고(해당자)/20250604_솔라스틱/[솔라스틱] 투자심사보고서.pdf,2025-06-02T02:29:49.044Z,2025-06-02T02:29:46.000Z
1GoYhHR8IgbnEGoJ8pSWpfULXdRDhqTec,넥센서_투자심사보고서_최종(2차) (002).pdf,file,application/pdf,0ADRmYMCfHI3HUk9PVA,투자실(권한 주의),1HV6sKCsXkXkXPBKqfI5tGQJLTAXa68rw,/투자실(권한 주의)/03. 펀드팀/★04. Type 2/60. 스타트업코리아 비전 2024 펀드 (신한벤처투자)/06. 투심보고(해당자)/250520_(주)넥센서/넥센서_투자심사보고서_최종(2차) (002).pdf,2025-05-26T06:55:41.641Z,2025-05-26T06:55:11.000Z
1j2sUpLwvwfs23s4edF2JX__R6c8vKszv,00_Report(미라텍)_투자심사보고서.pdf,file,application/pdf,0ADRmYMCfHI3HUk9PVA,투자실(권한 주의),19EQRBoozZwsWJgEH_W4UlBBX3RPJSAsL,/투자실(권한 주의)/03. 펀드팀/★04. Type 2/55. 케이디비 퀀텀 모빌리티 밸류체인 오픈이노베이션펀드 (퀀텀벤처스코리아)/06. 투심보고(해당자)/20250527_미라텍(주)/00_Report(미라텍)_투자심사보고서.pdf,2025-05-20T07:37:55.961Z,2025-05-20T07:37:13.000Z
11kZ39hqSW8_l2CKPdHAjI3I88TJdXoXh,넥센서_투자심사보고서.pdf,file,application/pdf,0ADRmYMCfHI3HUk9PVA,투자실(권한 주의),1HV6sKCsXkXkXPBKqfI5tGQJLTAXa68rw,/투자실(권한 주의)/03. 펀드팀/★04. Type 2/60. 스타트업코리아 비전 2024 펀드 (신한벤처투자)/06. 투심보고(해당자)/250520_(주)넥센서/넥센서_투자심사보고서.pdf,2025-05-13T04:46:05.556Z,2025-05-13T04:45:06.000Z
1xgS_c9q8a5AxX6w_iL8CdqwMY7N5BXdo,00_Report(플라스탈)_투자심사보고서.pdf,file,application/pdf,0ADRmYMCfHI3HUk9PVA,투자실(권한 주의),18hfjsoEj4OlRgBN-jtdcDTnrplYgu0K2,/투자실(권한 주의)/03. 펀드팀/★04. Type 2/55. 케이디비 퀀텀 모빌리티 밸류체인 오픈이노베이션펀드 (퀀텀벤처스코리아)/06. 투심보고(해당자)/20250513_(주)플라스탈/00_Report(플라스탈)_투자심사보고서.pdf,2025-05-08T00:48:49.550Z,2025-05-08T00:38:06.000Z
1YvT-xqqXZWBGDRAkKuu9y2fZ0rFBUSSO,스페이스린텍_투자심사보고서.pdf,file,application/pdf,0ADRmYMCfHI3HUk9PVA,투자실(권한 주의),18ftIZlAs_lw87mot09aScgbelt3VYxDu,/투자실(권한 주의)/03. 펀드팀/★04. Type 2/56. 컴퍼니케이 뉴스페이스펀드 (컴퍼니케이파트너스)/06. 투심보고(해당자)/20250421_(주)스페이스린텍/스페이스린텍_투자심사보고서.pdf,2025-04-15T01:48:43.188Z,2025-04-15T01:46:49.000Z
1wfd5M7bHyOwpBKKOkPBNgiSZpgTbbVGY,00_Report(델타엑스)_투자심사보고서 최종.pdf,file,application/pdf,0ADRmYMCfHI3HUk9PVA,투자실(권한 주의),1VbEXKZ3DVCs2cbOqBG9UUSBbld9XUcxB,/투자실(권한 주의)/03. 펀드팀/★04. Type 2/55. 케이디비 퀀텀 모빌리티 밸류체인 오픈이노베이션펀드 (퀀텀벤처스코리아)/06. 투심보고(해당자)/20250417_(주)델타엑스/00_Report(델타엑스)_투자심사보고서 최종.pdf,2025-04-10T23:49:12.483Z,2025-04-10T23:46:16.000Z
1d0hODLBAec-77i0HASgqJGxex-VA8L_v,(250218) 투자검토보고서_(주)피치에이아이(아이비케이 디캠프 IP기술사업화 KIAMCO인라이트 펀드).pdf,file,application/pdf,0ADRmYMCfHI3HUk9PVA,투자실(권한 주의),1m7TSnh5xR_EgWr5NDUAR-GDoS9glyXti,"/투자실(권한 주의)/03. 펀드팀/★04. Type 2/49. 아이비케이 디캠프 IP기술사업화 KIAMCO인라이트 펀드 (인라이트벤처스, 케이디비인프라자산운용)/06. 투심보고(해당자)/20250218_피치에이아이/(250218) 투자검토보고서_(주)피치에이아이(아이비케이 디캠프 IP기술사업화 KIAMCO인라이트 펀드).pdf",2025-04-09T05:53:53.685Z,2025-04-09T05:53:43.000Z
1nPZh3KNH4IzRHp6Xk7OC6OpexxvsvGqw,1.투자심사보고서_(주)갭텍.pdf,file,application/pdf,0ADRmYMCfHI3HUk9PVA,투자실(권한 주의),1V6zSebXZlOcfn9laNRRigMvawRNnZWz3,/투자실(권한 주의)/03. 펀드팀/★04. Type 2/58. 2024 에이스톤 미래환경 투자조합 (에이스톤벤처스)/06. 투심보고(해당자)/250414_갭텍/1.투자심사보고서_(주)갭텍.pdf,2025-04-08T00:23:55.640Z,2025-04-08T00:22:25.000Z
1aTKoan1xb8MS7oQQwLcdnYa9SvUYrP6K,Report(보스반도체)_투자심사보고서_20250227_최종.pdf,file,application/pdf,0ADRmYMCfHI3HUk9PVA,투자실(권한 주의),1NwNKUlpBc46JnFWkweRKkLRB3W_t9u0j,/투자실(권한 주의)/03. 펀드팀/★04. Type 2/55. 케이디비 퀀텀 모빌리티 밸류체인 오픈이노베이션펀드 (퀀텀벤처스코리아)/06. 투심보고(해당자)/20250306_(주) 보스반도체/Report(보스반도체)_투자심사보고서_20250227_최종.pdf,2025-02-27T08:16:45.817Z,2025-02-27T08:15:24.000Z
1XOyMi0InuIA_vv0pdAAOQWRlyG4Dovcp,(첨부1) 투자심사보고서_마들렌메모리.pdf,file,application/pdf,0ADRmYMCfHI3HUk9PVA,투자실(권한 주의),15f24pfPN-7xtyXAmVqbUpnDywH7NzVom,/투자실(권한 주의)/03. 펀드팀/★04. Type 2/47. 에이벤처스 W 유니콘 투자조합 2호 (에이벤처스)/06. 투심보고(해당자)/20250220_마들렌메모리/(첨부1) 투자심사보고서_마들렌메모리.pdf,2025-02-17T08:53:32.084Z,2025-02-17T08:53:30.075Z
1COH-XWSv7pTINHVd9o9HVf2IpI23GHuD,250203_메이저나인_투심보고서_WE청년1호.pdf,file,application/pdf,0ADRmYMCfHI3HUk9PVA,투자실(권한 주의),1x3qsOldoXhE31RPdY5DMenLMDJpIpLcG,/투자실(권한 주의)/03. 펀드팀/★04. Type 2/30. WE청년 메이트 펀드 1호 (위벤처스)/06. 투심보고(해당자)/20250203_메이저나인/250203_메이저나인_투심보고서_WE청년1호.pdf,2025-02-04T03:50:26.775Z,2025-02-04T03:49:20.000Z
1ke3Op8oZqCnlemjxoOj5CqQS-nGZakjB,i-ESG_투심보고서_202501.pdf,file,application/pdf,0ADRmYMCfHI3HUk9PVA,투자실(권한 주의),1MlaKnHNKPuXJlZ4j-e8yMlukhAGiPEwK,/투자실(권한 주의)/03. 펀드팀/★04. Type 2/50. 스프링캠프-KIF 초기전문 투자조합 (스프링캠프)/06. 투심보고(해당자)/20250123_아이이에스지/i-ESG_투심보고서_202501.pdf,2025-01-23T07:01:48.057Z,2025-01-23T06:58:04.000Z
12o47J_g1gR3Jb4eKhCGQX0FqTzcR0WRF,사전보고서_KIF_아이이에스지.pdf,file,application/pdf,0ADRmYMCfHI3HUk9PVA,투자실(권한 주의),1MlaKnHNKPuXJlZ4j-e8yMlukhAGiPEwK,/투자실(권한 주의)/03. 펀드팀/★04. Type 2/50. 스프링캠프-KIF 초기전문 투자조합 (스프링캠프)/06. 투심보고(해당자)/20250123_아이이에스지/사전보고서_KIF_아이이에스지.pdf,2025-01-23T07:01:46.709Z,2025-01-23T06:58:02.000Z
1dlIKthCVnZUiIhcQ6VtAhtpJiLBP4NOI,Platoon_투자심사보고서.pdf,file,application/pdf,0ADRmYMCfHI3HUk9PVA,투자실(권한 주의),16o3_RlZfMHQUEdVskkLmBlEQCc79on6f,/투자실(권한 주의)/03. 펀드팀/★04. Type 2/50. 스프링캠프-KIF 초기전문 투자조합 (스프링캠프)/06. 투심보고(해당자)/20241202_Platoon/Platoon_투자심사보고서.pdf,2024-11-26T02:03:52.181Z,2024-12-11T00:52:50.120Z
11t5gzvBzqUUhGV8f4U_4c4kkAY0I4XOn,꼬끼오컴퍼니_투심보고서.pdf,file,application/pdf,0ADRmYMCfHI3HUk9PVA,투자실(권한 주의),1ahd8VaMh6aLXniXNBHoSd8MCn7MxMYYg,/투자실(권한 주의)/03. 펀드팀/★04. Type 2/50. 스프링캠프-KIF 초기전문 투자조합 (스프링캠프)/06. 투심보고(해당자)/20241216_꼬끼오컴퍼니/꼬끼오컴퍼니_투심보고서.pdf,2024-12-11T00:49:08.650Z,2024-12-11T00:48:00.000Z
1nlU1XquGfnFnwf-7ShTWmYtCBnic5Hfe,힐링페이퍼_3차투심보고서_공유용.pdf,file,application/pdf,0ADRmYMCfHI3HUk9PVA,투자실(권한 주의),1WlnEfaTzt7kz9JpBlcYhVidy_2nnepMg,/투자실(권한 주의)/03. 펀드팀/★04. Type 2/45. IMM JAPAN 핵심기술 벤처펀드 제1호 (아이엠엠인베스트먼트)/06. 투심보고(해당자)/241216_힐링페이퍼/힐링페이퍼_3차투심보고서_공유용.pdf,2024-12-11T00:44:10.630Z,2024-12-11T00:43:57.000Z
1iGbLg2aMNzX9R1jzhlgaUZvQvzZDfyLu,★00_Report(Amogy)_투자심사보고서.pdf,file,application/pdf,0ADRmYMCfHI3HUk9PVA,투자실(권한 주의),1NKhWODTyFgyx27sgMOF4p1yu3fz7IAla,"/투자실(권한 주의)/03. 펀드팀/★04. Type 2/55. 케이디비 퀀텀 모빌리티 밸류체인 오픈이노베이션펀드 (퀀텀벤처스코리아)/06. 투심보고(해당자)/20241021, 20241127_AMOGY Inc./20241021/★00_Report(Amogy)_투자심사보고서.pdf",2024-11-26T02:06:30.301Z,2024-11-26T02:06:09.000Z
1-XvZmVGDgjs76yIsgKQC0Lrq1qNTZL57,★00_Report(이플로우)_투자심사보고서_최종.pdf,file,application/pdf,0ADRmYMCfHI3HUk9PVA,투자실(권한 주의),1V3VJIoN71-ihJwfa-nFpB6TjBY9PeAie,/투자실(권한 주의)/03. 펀드팀/★04. Type 2/55. 케이디비 퀀텀 모빌리티 밸류체인 오픈이노베이션펀드 (퀀텀벤처스코리아)/06. 투심보고(해당자)/20241021_이플로우/★00_Report(이플로우)_투자심사보고서_최종.pdf,2024-11-26T02:05:42.516Z,2024-11-26T02:04:45.000Z
1wXVNwXHM5EgWfxAaNJ-sX0tnWQ6sH6gg,릿코퍼레이션 투심보고서.pdf,file,application/pdf,0ADRmYMCfHI3HUk9PVA,투자실(권한 주의),17Fur3ztVJchEi1eEfm_Iz9naKIhNntne,/투자실(권한 주의)/03. 펀드팀/★04. Type 2/50. 스프링캠프-KIF 초기전문 투자조합 (스프링캠프)/06. 투심보고(해당자)/20241125_릿코퍼레이션/릿코퍼레이션 투심보고서.pdf,2024-11-26T02:02:29.534Z,2024-11-26T02:01:55.000Z
1j62ekm6IgSeZvU7NgVaAg1-tQUFooCNe,00_Report(Amogy)_투자심사보고서(★★★)_조건변경 반영.pdf,file,application/pdf,0ADRmYMCfHI3HUk9PVA,투자실(권한 주의),1prkaS6182vuxNbJeA96e0uV7yRJOjUCI,"/투자실(권한 주의)/03. 펀드팀/★04. Type 2/55. 케이디비 퀀텀 모빌리티 밸류체인 오픈이노베이션펀드 (퀀텀벤처스코리아)/06. 투심보고(해당자)/20241021, 20241127_AMOGY Inc./20241127/00_Report(Amogy)_투자심사보고서(★★★)_조건변경 반영.pdf",2024-11-25T00:33:58.636Z,2024-11-25T00:33:06.000Z
1Ov_YKwGYx2X92O6eNAHslx5gNSrt4bES,The Plug Drink 투심보고서.pdf,file,application/pdf,0ADRmYMCfHI3HUk9PVA,투자실(권한 주의),1xaD_-1P9a1343bmoi8t4Ge-5efpAkS33,/투자실(권한 주의)/03. 펀드팀/★04. Type 2/50. 스프링캠프-KIF 초기전문 투자조합 (스프링캠프)/06. 투심보고(해당자)/20241122_The Plug Drink/The Plug Drink 투심보고서.pdf,2024-11-19T00:16:08.830Z,2024-11-25T00:26:57.957Z
1x0742Fx5wgIY4BrxA7KzsWALOAReAtkK,매이드_투자심사보고서.pdf,file,application/pdf,0ADRmYMCfHI3HUk9PVA,투자실(권한 주의),1xa6eGj84p9yP-H27KBNQmHZ7eElws221,/투자실(권한 주의)/03. 펀드팀/★04. Type 2/56. 컴퍼니케이 뉴스페이스펀드 (컴퍼니케이파트너스)/06. 투심보고(해당자)/20241126_(주)매이드/매이드_투자심사보고서.pdf,2024-11-20T04:57:04.262Z,2024-11-20T04:55:32.000Z
1C0bjMpxBX_OB0s__1amchxZzngDgA6Gt,투자심사보고서(코리아인스트루먼트)_2023에스초격차지역균형발전투자조합(2024-11-26)_최종)_v1.pdf,file,application/pdf,0ADRmYMCfHI3HUk9PVA,투자실(권한 주의),1c7D6K3PZjLEIyqVCMTqChwZTi2vPyJXg,/투자실(권한 주의)/03. 펀드팀/★04. Type 2/46. 2023에스초격차지역균형발전투자조합 (에스벤처스)/06. 투심보고(해당자)/20241126_(주)코리아인스트루먼트/투자심사보고서(코리아인스트루먼트)_2023에스초격차지역균형발전투자조합(2024-11-26)_최종)_v1.pdf,2024-11-20T00:14:05.082Z,2024-11-20T00:12:33.000Z
1faWNctWwzWhUZVw5iychRFJcLj7mISmv,릿코퍼레이션_투심보고서 .pdf,file,application/pdf,0ADRmYMCfHI3HUk9PVA,투자실(권한 주의),17Fur3ztVJchEi1eEfm_Iz9naKIhNntne,/투자실(권한 주의)/03. 펀드팀/★04. Type 2/50. 스프링캠프-KIF 초기전문 투자조합 (스프링캠프)/06. 투심보고(해당자)/20241125_릿코퍼레이션/릿코퍼레이션_투심보고서 .pdf,2024-11-18T05:44:16.160Z,2024-11-18T05:43:14.000Z
1yzayydDKUg1w07-YxojX98GAu-crO-Dc,네트로피_투심보고서.pdf,file,application/pdf,0ADRmYMCfHI3HUk9PVA,투자실(권한 주의),1qFX5OJKcfsmXofEDlP7x9JWEKwF9pEzO,"/투자실(권한 주의)/03. 펀드팀/★04. Type 2/50. 스프링캠프-KIF 초기전문 투자조합 (스프링캠프)/06. 투심보고(해당자)/20240923_네트로피, 제트에이아이, 오브어스/네트로피_투심보고서.pdf",2024-11-13T00:14:58.510Z,2024-11-13T00:14:20.000Z
1dno_zAr9s6zztl-5-Am7ZL3Bg8-Ap92W,제트에이아이_투심보고서.pdf,file,application/pdf,0ADRmYMCfHI3HUk9PVA,투자실(권한 주의),1qFX5OJKcfsmXofEDlP7x9JWEKwF9pEzO,"/투자실(권한 주의)/03. 펀드팀/★04. Type 2/50. 스프링캠프-KIF 초기전문 투자조합 (스프링캠프)/06. 투심보고(해당자)/20240923_네트로피, 제트에이아이, 오브어스/제트에이아이_투심보고서.pdf",2024-11-13T00:15:01.814Z,2024-11-13T00:14:19.000Z
1590UrSNosLgjBkmGPcXZD1ZkLAhMTeMc,오브어스_투심보고서.pdf,file,application/pdf,0ADRmYMCfHI3HUk9PVA,투자실(권한 주의),1qFX5OJKcfsmXofEDlP7x9JWEKwF9pEzO,"/투자실(권한 주의)/03. 펀드팀/★04. Type 2/50. 스프링캠프-KIF 초기전문 투자조합 (스프링캠프)/06. 투심보고(해당자)/20240923_네트로피, 제트에이아이, 오브어스/오브어스_투심보고서.pdf",2024-11-13T00:15:05.256Z,2024-11-13T00:14:17.000Z
1rl0WxP-xGtDV2pdf7HnHyXbcrg-vh51c,완드_투심보고서.pdf,file,application/pdf,0ADRmYMCfHI3HUk9PVA,투자실(권한 주의),1DH93SKGl5p5Vx2_dFThJyJi2eGBQLZlY,/투자실(권한 주의)/03. 펀드팀/★04. Type 2/50. 스프링캠프-KIF 초기전문 투자조합 (스프링캠프)/06. 투심보고(해당자)/20241105_완드/완드_투심보고서.pdf,2024-10-29T04:15:00.000Z,2024-11-12T09:33:01.155Z
1Ds_7jA0rky6XTxyNtz4Y89J8ReUGg8AZ,완드_투심보고서.pdf,file,application/pdf,0ADRmYMCfHI3HUk9PVA,투자실(권한 주의),1DH93SKGl5p5Vx2_dFThJyJi2eGBQLZlY,/투자실(권한 주의)/03. 펀드팀/★04. Type 2/50. 스프링캠프-KIF 초기전문 투자조합 (스프링캠프)/06. 투심보고(해당자)/20241105_완드/완드_투심보고서.pdf,2024-11-05T04:15:01.000Z,2024-11-12T09:32:12.478Z
1OYIUhYXo9j0OB23oTD_t_X5EXjRtCTpC,케이투레이저시스템 3차 투심보고서.pdf,file,application/pdf,0ADRmYMCfHI3HUk9PVA,투자실(권한 주의),1mPC66yA8nsLntlQQH9cUwruPgdbzzkej,/투자실(권한 주의)/03. 펀드팀/★04. Type 2/45. IMM JAPAN 핵심기술 벤처펀드 제1호 (아이엠엠인베스트먼트)/06. 투심보고(해당자)/241118_케이투레이저시스템/케이투레이저시스템 3차 투심보고서.pdf,2024-11-12T04:42:24.313Z,2024-11-12T04:39:15.000Z
12N2t_8VHcXcNglWOSlFUhtK-4swpWJ1L,241028_링크솔루션_투심보고서_WE청년1호(3차)_주당단가수정.pdf,file,application/pdf,0ADRmYMCfHI3HUk9PVA,투자실(권한 주의),1y8s9p8FpsXwU8gk56PKowlt_m9-_LEm_,/투자실(권한 주의)/03. 펀드팀/★04. Type 2/30. WE청년 메이트 펀드 1호 (위벤처스)/06. 투심보고(해당자)/20241104_링크솔루션/241028_링크솔루션_투심보고서_WE청년1호(3차)_주당단가수정.pdf,2024-11-07T06:50:09.873Z,2024-11-07T06:49:02.000Z
1cJh88CgDaf16_1b9rgL9bskZ1ws_KICU,241028_링크솔루션_투심보고서_WE청년1호(3차).pdf,file,application/pdf,0ADRmYMCfHI3HUk9PVA,투자실(권한 주의),1y8s9p8FpsXwU8gk56PKowlt_m9-_LEm_,/투자실(권한 주의)/03. 펀드팀/★04. Type 2/30. WE청년 메이트 펀드 1호 (위벤처스)/06. 투심보고(해당자)/20241104_링크솔루션/241028_링크솔루션_투심보고서_WE청년1호(3차).pdf,2024-10-28T04:37:48.258Z,2024-10-28T04:36:38.000Z
1CXWWEOWahnpgAUYXCthItqmINWRXQYkW,241016_엑소반도체_투심보고서_WE청년1호.pdf,file,application/pdf,0ADRmYMCfHI3HUk9PVA,투자실(권한 주의),1lcV4eQbzOvChRqBKaj_5f_TX3OWEYOI_,/투자실(권한 주의)/03. 펀드팀/★04. Type 2/30. WE청년 메이트 펀드 1호 (위벤처스)/06. 투심보고(해당자)/20241023_엑소반도체/241016_엑소반도체_투심보고서_WE청년1호.pdf,2024-10-21T00:15:13.030Z,2024-10-21T00:14:23.000Z
1Jux2ExqUPylOghwZP1vxBBzkUxmWnK-g,[백스다임] 투자심사보고서.pdf,file,application/pdf,0ADRmYMCfHI3HUk9PVA,투자실(권한 주의),18ciIHVOPwFFNezbrAfDMnhGuf8Q4jkkM,/투자실(권한 주의)/03. 펀드팀/★04. Type 2/34. 파인드어스 투자조합2호 (파인드어스)/06. 투심보고(해당자)/20241021_백스다임/[백스다임] 투자심사보고서.pdf,2024-10-17T01:33:56.966Z,2024-10-17T01:32:50.000Z
1Zfn8i4JLJlEq21Fi60CQGL5CjTvuOKXm,★★00_Report(Amogy)_투자심사보고서.pdf,file,application/pdf,0ADRmYMCfHI3HUk9PVA,투자실(권한 주의),1NKhWODTyFgyx27sgMOF4p1yu3fz7IAla,"/투자실(권한 주의)/03. 펀드팀/★04. Type 2/55. 케이디비 퀀텀 모빌리티 밸류체인 오픈이노베이션펀드 (퀀텀벤처스코리아)/06. 투심보고(해당자)/20241021, 20241127_AMOGY Inc./20241021/★★00_Report(Amogy)_투자심사보고서.pdf",2024-10-16T04:35:23.570Z,2024-10-16T04:33:28.000Z
1IGAh_q82mThsQiJQJ9MiS3eLVK2tPOKy,투자심사보고서(피알지에스앤텍)_2023에스초격차지역균형발전투자조합 (2024-09-25) Ver최종.pdf,file,application/pdf,0ADRmYMCfHI3HUk9PVA,투자실(권한 주의),1pYb13ZRlhoa4Mvy1qB1lX-YMbnGEZinW,/투자실(권한 주의)/03. 펀드팀/★04. Type 2/46. 2023에스초격차지역균형발전투자조합 (에스벤처스)/06. 투심보고(해당자)/20240925_(주)피알지에스앤텍/투자심사보고서(피알지에스앤텍)_2023에스초격차지역균형발전투자조합 (2024-09-25) Ver최종.pdf,2024-09-24T00:17:29.912Z,2024-09-24T00:16:39.000Z
1AHQRWNfGj9zC_-LZcT5A5S3R5izTqof6,투자심사보고서_네트로피.pdf,file,application/pdf,0ADRmYMCfHI3HUk9PVA,투자실(권한 주의),1qFX5OJKcfsmXofEDlP7x9JWEKwF9pEzO,"/투자실(권한 주의)/03. 펀드팀/★04. Type 2/50. 스프링캠프-KIF 초기전문 투자조합 (스프링캠프)/06. 투심보고(해당자)/20240923_네트로피, 제트에이아이, 오브어스/투자심사보고서_네트로피.pdf",2024-09-24T00:15:14.083Z,2024-09-24T00:10:56.000Z
12YGuVimajpOCV92kyajpI-E21Ryg-5fn,투자심사보고서_제트에이아이.pdf,file,application/pdf,0ADRmYMCfHI3HUk9PVA,투자실(권한 주의),1qFX5OJKcfsmXofEDlP7x9JWEKwF9pEzO,"/투자실(권한 주의)/03. 펀드팀/★04. Type 2/50. 스프링캠프-KIF 초기전문 투자조합 (스프링캠프)/06. 투심보고(해당자)/20240923_네트로피, 제트에이아이, 오브어스/투자심사보고서_제트에이아이.pdf",2024-09-24T00:15:44.740Z,2024-09-24T00:10:53.000Z
1LVpxg_66x_4m4OZ5q5JK7Qu3jrmxZ00Y,투자심사보고서_오브어스.pdf,file,application/pdf,0ADRmYMCfHI3HUk9PVA,투자실(권한 주의),1qFX5OJKcfsmXofEDlP7x9JWEKwF9pEzO,"/투자실(권한 주의)/03. 펀드팀/★04. Type 2/50. 스프링캠프-KIF 초기전문 투자조합 (스프링캠프)/06. 투심보고(해당자)/20240923_네트로피, 제트에이아이, 오브어스/투자심사보고서_오브어스.pdf",2024-09-24T00:15:40.938Z,2024-09-24T00:10:50.000Z
1dDoLsnwbka5SO6QpXwLEP6c6yKhXSXOg,SkillBench_투자심사보고서   .pdf,file,application/pdf,0ADRmYMCfHI3HUk9PVA,투자실(권한 주의),1udemOw8BYEehcaM_4CRd5vm_8r29A3sV,/투자실(권한 주의)/03. 펀드팀/★04. Type 2/50. 스프링캠프-KIF 초기전문 투자조합 (스프링캠프)/06. 투심보고(해당자)/20240919_Skillbench/SkillBench_투자심사보고서   .pdf,2024-09-24T00:10:15.115Z,2024-09-24T00:09:52.000Z
1yLcWfqk_jR19m7a_YBNCJaulYQlcard6,[에이치충전연구소] 투자심사보고서.pdf,file,application/pdf,0ADRmYMCfHI3HUk9PVA,투자실(권한 주의),1tSQXWAC6bU_02OArgvmFmaBr-d92vmjl,/투자실(권한 주의)/03. 펀드팀/★04. Type 2/34. 파인드어스 투자조합2호 (파인드어스)/06. 투심보고(해당자)/20240930_에이치충전연구소/[에이치충전연구소] 투자심사보고서.pdf,2024-09-23T06:05:03.420Z,2024-09-23T06:03:52.000Z
1jhGdJNI6TtmKnYY-MaHpCTrZcGdJ4QaP,(240925) 투자검토보고서_(주)한국정밀소재산업(아이비케이 디캠프 IP기술사업화 KIAMCO인라이트 펀드).pdf,file,application/pdf,0ADRmYMCfHI3HUk9PVA,투자실(권한 주의),1SeFNKLTtBlLvioGOVeOyAmEbeftPEN4S,"/투자실(권한 주의)/03. 펀드팀/★04. Type 2/49. 아이비케이 디캠프 IP기술사업화 KIAMCO인라이트 펀드 (인라이트벤처스, 케이디비인프라자산운용)/06. 투심보고(해당자)/20240925_이노프렌즈, 한국정밀소재/(240925) 투자검토보고서_(주)한국정밀소재산업(아이비케이 디캠프 IP기술사업화 KIAMCO인라이트 펀드).pdf",2024-09-13T05:06:07.042Z,2024-09-13T05:04:25.000Z
1E5II0osdjyryxlpWfJ2UAM5C29Z5VPqq,(240925) 투자검토보고서_(주)이노프렌즈(아이비케이 디캠프 IP기술사업화 KIAMCO인라이트 펀드).pdf,file,application/pdf,0ADRmYMCfHI3HUk9PVA,투자실(권한 주의),1SeFNKLTtBlLvioGOVeOyAmEbeftPEN4S,"/투자실(권한 주의)/03. 펀드팀/★04. Type 2/49. 아이비케이 디캠프 IP기술사업화 KIAMCO인라이트 펀드 (인라이트벤처스, 케이디비인프라자산운용)/06. 투심보고(해당자)/20240925_이노프렌즈, 한국정밀소재/(240925) 투자검토보고서_(주)이노프렌즈(아이비케이 디캠프 IP기술사업화 KIAMCO인라이트 펀드).pdf",2024-09-13T05:06:19.662Z,2024-09-13T05:04:24.000Z
11EErqim4Y3uWUlixHXXwJ6s9sCRq58qO,SkillBench_투자심사보고서.pdf,file,application/pdf,0ADRmYMCfHI3HUk9PVA,투자실(권한 주의),1udemOw8BYEehcaM_4CRd5vm_8r29A3sV,/투자실(권한 주의)/03. 펀드팀/★04. Type 2/50. 스프링캠프-KIF 초기전문 투자조합 (스프링캠프)/06. 투심보고(해당자)/20240919_Skillbench/SkillBench_투자심사보고서.pdf,2024-09-10T06:16:57.364Z,2024-09-10T06:15:35.000Z
1mI9elG1KEH8ryaMAMZ60cV1_RNgDx4gQ,Skillbench_투자심사보고서.pdf,file,application/pdf,0ADRmYMCfHI3HUk9PVA,투자실(권한 주의),1xdeft4BNgc-SlFFHniK5WZLBifB10c6K,"/투자실(권한 주의)/03. 펀드팀/★04. Type 2/50. 스프링캠프-KIF 초기전문 투자조합 (스프링캠프)/06. 투심보고(해당자)/20240828_Giboo, Skillbench/Skillbench_투자심사보고서.pdf",2024-08-28T08:50:15.694Z,2024-08-28T08:47:45.000Z
1OTmPXh5XIdcAzrGar7E7yAkGbMzKvLtN,Giboo_투자심사보고서.pdf,file,application/pdf,0ADRmYMCfHI3HUk9PVA,투자실(권한 주의),1xdeft4BNgc-SlFFHniK5WZLBifB10c6K,"/투자실(권한 주의)/03. 펀드팀/★04. Type 2/50. 스프링캠프-KIF 초기전문 투자조합 (스프링캠프)/06. 투심보고(해당자)/20240828_Giboo, Skillbench/Giboo_투자심사보고서.pdf",2024-08-28T08:50:19.356Z,2024-08-28T08:47:41.000Z
1IV2yxTem4Rw7EnWaSKOOEOu1Fdt-g4Bl,Huespace_투심보고서.pdf,file,application/pdf,0ADRmYMCfHI3HUk9PVA,투자실(권한 주의),11xXU_GxzrO3IGVbfGS_0TH3UJAouAIdt,/투자실(권한 주의)/03. 펀드팀/★04. Type 2/50. 스프링캠프-KIF 초기전문 투자조합 (스프링캠프)/06. 투심보고(해당자)/20240719_Huespace/Huespace_투심보고서.pdf,2024-07-31T05:03:28.000Z,2024-08-26T10:41:15.906Z
1jOJJK1yp8HQxCss4er17kMzS7rMvD34S,[리솔] 투자심사보고서.pdf,file,application/pdf,0ADRmYMCfHI3HUk9PVA,투자실(권한 주의),11eWPXioKe1g0PbM2eUrulMdq-fv5CyM-,/투자실(권한 주의)/03. 펀드팀/★04. Type 2/34. 파인드어스 투자조합2호 (파인드어스)/06. 투심보고(해당자)/20240827_리솔/[리솔] 투자심사보고서.pdf,2024-08-21T05:04:10.535Z,2024-08-21T05:03:33.000Z
1MH6ZwHUAZ--pps4dZ_1wbenp1zdCSe_q,클로저랩스_투심보고서.pdf,file,application/pdf,0ADRmYMCfHI3HUk9PVA,투자실(권한 주의),1dSG3tHvyWSjGzd0nXICE39M4k3dbh15u,/투자실(권한 주의)/03. 펀드팀/★04. Type 2/50. 스프링캠프-KIF 초기전문 투자조합 (스프링캠프)/06. 투심보고(해당자)/20240806_클로저랩스/클로저랩스_투심보고서.pdf,2024-08-21T05:02:17.477Z,2024-08-21T05:01:17.000Z
1OnwR1kHcRtmgEKwiPbbhbYWggzl_NCO4,클로저랩스_투심보고서  .pdf,file,application/pdf,0ADRmYMCfHI3HUk9PVA,투자실(권한 주의),1dSG3tHvyWSjGzd0nXICE39M4k3dbh15u,/투자실(권한 주의)/03. 펀드팀/★04. Type 2/50. 스프링캠프-KIF 초기전문 투자조합 (스프링캠프)/06. 투심보고(해당자)/20240806_클로저랩스/클로저랩스_투심보고서  .pdf,2024-08-21T00:41:41.888Z,2024-08-21T00:41:24.000Z
1nxiTzXAEHzfUmLPTK7RYvj8lWwpC0gYk,00_Report(레디로버스트머신)_투자심사보고서.pdf,file,application/pdf,0ADRmYMCfHI3HUk9PVA,투자실(권한 주의),107N9Q9IPp8bTOewlhRywTjJJinOqUL3W,/투자실(권한 주의)/03. 펀드팀/★04. Type 2/55. 케이디비 퀀텀 모빌리티 밸류체인 오픈이노베이션펀드 (퀀텀벤처스코리아)/06. 투심보고(해당자)/20240704_레디로버스트머신(주)/00_Report(레디로버스트머신)_투자심사보고서.pdf,2024-08-20T02:08:49.609Z,2024-08-20T02:08:09.000Z
1hf50COPanw1WE9Caw6Nrcj4h6TeZfqe7,투자심사보고서(소셜빈)_2023에스초격차지역균형발전투자조합_20240812_F.pdf,file,application/pdf,0ADRmYMCfHI3HUk9PVA,투자실(권한 주의),1m09jtV5aG6wdl_L3vCcMgDUT1QEQ0oL6,/투자실(권한 주의)/03. 펀드팀/★04. Type 2/46. 2023에스초격차지역균형발전투자조합 (에스벤처스)/06. 투심보고(해당자)/20240820_(주)소셜빈/투자심사보고서(소셜빈)_2023에스초격차지역균형발전투자조합_20240812_F.pdf,2024-08-20T01:34:49.259Z,2024-08-20T01:33:52.000Z
1AT_SvQTgDWKP2RwwanUY9GfLMNc_2m-Z,1. 투자심사보고서(글로브포인트)_2023에스초격차지역균형발전투자조합_ver.final.3.1..pdf,file,application/pdf,0ADRmYMCfHI3HUk9PVA,투자실(권한 주의),1aIwh2k1QN2ctjF9XOVVmUn-FJb29HmUk,/투자실(권한 주의)/03. 펀드팀/★04. Type 2/46. 2023에스초격차지역균형발전투자조합 (에스벤처스)/06. 투심보고(해당자)/20240819_(주)글로브포인트/1. 투자심사보고서(글로브포인트)_2023에스초격차지역균형발전투자조합_ver.final.3.1..pdf,2024-08-20T01:12:32.526Z,2024-08-20T01:12:03.000Z
1M7tLxEmDhPphDzgJGO_da_dB78nf8muw,투자심사보고서(클라우드앤)_2023에스초격차지역균형발전투자조합_최종.pdf,file,application/pdf,0ADRmYMCfHI3HUk9PVA,투자실(권한 주의),1Hb3xw3nPAo12H8T7dF59Mt6vrOHlT52f,/투자실(권한 주의)/03. 펀드팀/★04. Type 2/46. 2023에스초격차지역균형발전투자조합 (에스벤처스)/06. 투심보고(해당자)/20240328_㈜클라우드앤/투자심사보고서(클라우드앤)_2023에스초격차지역균형발전투자조합_최종.pdf,2024-03-21T08:48:05.000Z,2024-08-19T10:27:02.735Z
1lUTUnrdAGnbDz3lb6zk92dyVtRA6wISo,[씨지인사이드] 투자심사보고서.pdf,file,application/pdf,0ADRmYMCfHI3HUk9PVA,투자실(권한 주의),1KqgDRWC09MpUV3Z6PTARwQrcY7fhb4XK,/투자실(권한 주의)/03. 펀드팀/★04. Type 2/34. 파인드어스 투자조합2호 (파인드어스)/06. 투심보고(해당자)/20240812_씨지인사이드/[씨지인사이드] 투자심사보고서.pdf,2024-08-07T05:38:36.311Z,2024-08-07T05:36:29.000Z
1N9GEjgnydSL5PoiW6L-GGKe0G_JBad0P,[피트인] 투자심사보고서.pdf,file,application/pdf,0ADRmYMCfHI3HUk9PVA,투자실(권한 주의),1gaiF19v4_58EfAU7je6MR0RkXXY-bmhY,/투자실(권한 주의)/03. 펀드팀/★04. Type 2/34. 파인드어스 투자조합2호 (파인드어스)/06. 투심보고(해당자)/20240807_피트인/[피트인] 투자심사보고서.pdf,2024-08-02T07:55:24.169Z,2024-08-02T07:53:37.000Z
1ty36vcv9spSYRM30cbyjMNFY1f7qWRIC,240731_애즈위메이크_투심보고서_WE청년1호.pdf,file,application/pdf,0ADRmYMCfHI3HUk9PVA,투자실(권한 주의),19F7vnKTotuYsaC6yWpMF-sxCqY5otQSq,/투자실(권한 주의)/03. 펀드팀/★04. Type 2/30. WE청년 메이트 펀드 1호 (위벤처스)/06. 투심보고(해당자)/20240807_애즈위메이크/240731_애즈위메이크_투심보고서_WE청년1호.pdf,2024-08-01T04:24:45.963Z,2024-08-01T04:22:09.000Z
1NPrN_iWhabInE7_nLebrnWptD6c6eC5w,240729_웰로_투심보고서_WE청년1호.pdf,file,application/pdf,0ADRmYMCfHI3HUk9PVA,투자실(권한 주의),18chl18GIxvq8q0ryrKFRJp05rqni9jJA,/투자실(권한 주의)/03. 펀드팀/★04. Type 2/30. WE청년 메이트 펀드 1호 (위벤처스)/06. 투심보고(해당자)/20240805_웰로/240729_웰로_투심보고서_WE청년1호.pdf,2024-07-30T00:14:11.555Z,2024-07-30T00:10:12.000Z
1V7PLXCcVghaxd9gjeqbvV8NVd-KUKhZ3,(첨부1) 투자심사보고서_베슬에이아이코리아.pdf,file,application/pdf,0ADRmYMCfHI3HUk9PVA,투자실(권한 주의),1Up9J6ISbZTGtWRP9uUbaoWPR3P20ir5z,/투자실(권한 주의)/03. 펀드팀/★04. Type 2/47. 에이벤처스 W 유니콘 투자조합 2호 (에이벤처스)/06. 투심보고(해당자)/후행투자/(첨부1) 투자심사보고서_베슬에이아이코리아.pdf,2024-07-29T00:48:13.687Z,2024-07-29T00:48:11.098Z
15TupBBtjBRI4hEhj91SMottx6oWo9CeY,240722_패러블엔터테인먼트_투심보고서_WE청년1호(후행).pdf,file,application/pdf,0ADRmYMCfHI3HUk9PVA,투자실(권한 주의),15QEQJh_Udk-U3CbQN7ga6I2leexbEqgf,/투자실(권한 주의)/03. 펀드팀/★04. Type 2/30. WE청년 메이트 펀드 1호 (위벤처스)/06. 투심보고(해당자)/20240729_패러블엔터테인먼트/240722_패러블엔터테인먼트_투심보고서_WE청년1호(후행).pdf,2024-07-23T05:26:21.891Z,2024-07-23T05:23:57.806Z
1ajn6NnefDjfXG0swkbEXPRBImx5HTGy6,240717_에이엠시지 투심보고서_WE청년1호.pdf,file,application/pdf,0ADRmYMCfHI3HUk9PVA,투자실(권한 주의),14tIBNvjkA8AZ2BEZaNIM3O1SlVeRep4z,/투자실(권한 주의)/03. 펀드팀/★04. Type 2/30. WE청년 메이트 펀드 1호 (위벤처스)/06. 투심보고(해당자)/20240724_에이엠시지/240717_에이엠시지 투심보고서_WE청년1호.pdf,2024-07-17T08:59:25.855Z,2024-07-17T08:55:32.000Z
14pb084in-LvrMdN8ix7kyFUWEtyP30b7,Report(뷰런테크놀로지)_투자심사보고서(투자심의위원회)_최종.pdf,file,application/pdf,0ADRmYMCfHI3HUk9PVA,투자실(권한 주의),14lwVe3Py7RT2_8iVJj-DrXIyvd4LGeOy,/투자실(권한 주의)/03. 펀드팀/★04. Type 2/55. 케이디비 퀀텀 모빌리티 밸류체인 오픈이노베이션펀드 (퀀텀벤처스코리아)/06. 투심보고(해당자)/20240722_뷰런테크놀로지/Report(뷰런테크놀로지)_투자심사보고서(투자심의위원회)_최종.pdf,2024-07-16T08:29:47.558Z,2024-07-16T08:26:46.457Z
1ae6HGBHrPByS-Mhd02TpaS6twjdT_svl,Huespace_투심보고서.pdf,file,application/pdf,0ADRmYMCfHI3HUk9PVA,투자실(권한 주의),11xXU_GxzrO3IGVbfGS_0TH3UJAouAIdt,/투자실(권한 주의)/03. 펀드팀/★04. Type 2/50. 스프링캠프-KIF 초기전문 투자조합 (스프링캠프)/06. 투심보고(해당자)/20240719_Huespace/Huespace_투심보고서.pdf,2024-07-12T08:31:49.721Z,2024-07-12T08:28:29.000Z
1-WpnHYWRVjfuddugLyEcIvslUSydc_qo,스윕_투자심사보고서(2차).pdf,file,application/pdf,0ADRmYMCfHI3HUk9PVA,투자실(권한 주의),1iOrezIIlkplZQLSax0jerqeHimXGE9T6,/투자실(권한 주의)/03. 펀드팀/★04. Type 2/50. 스프링캠프-KIF 초기전문 투자조합 (스프링캠프)/06. 투심보고(해당자)/20240613_스윕/스윕_투자심사보고서(2차).pdf,2024-07-05T00:24:27.067Z,2024-07-04T11:23:27.320Z
1-_uym4e-zyjNza_tJVzM1CGYrKUmYAdT,사전보고서_KIF_스윕.pdf,file,application/pdf,0ADRmYMCfHI3HUk9PVA,투자실(권한 주의),1iOrezIIlkplZQLSax0jerqeHimXGE9T6,/투자실(권한 주의)/03. 펀드팀/★04. Type 2/50. 스프링캠프-KIF 초기전문 투자조합 (스프링캠프)/06. 투심보고(해당자)/20240613_스윕/사전보고서_KIF_스윕.pdf,2024-07-05T00:24:26.956Z,2024-07-04T11:23:18.139Z
1L-6753yuet3LY0XlEy111r8IqbG67evp,플레코_투심보고서.pdf,file,application/pdf,0ADRmYMCfHI3HUk9PVA,투자실(권한 주의),1nKAtZlI3MPBXmDMOrAvAgLXIp58lw6a9,/투자실(권한 주의)/03. 펀드팀/★04. Type 2/30. WE청년 메이트 펀드 1호 (위벤처스)/06. 투심보고(해당자)/20240703_플레코/플레코_투심보고서.pdf,2024-06-27T02:02:41.578Z,2024-06-27T02:02:05.000Z
1ENpaqYQwXRYHuv3OZGsnDmZk7uT_tanx,240626_머티어리얼사이언스_투심보고서_WE청년1호.pdf,file,application/pdf,0ADRmYMCfHI3HUk9PVA,투자실(권한 주의),1SYFPNItmi9ivPk2C4MhpBctwWa1hefD3,/투자실(권한 주의)/03. 펀드팀/★04. Type 2/30. WE청년 메이트 펀드 1호 (위벤처스)/06. 투심보고(해당자)/20240703_머티리얼사이언스/240626_머티어리얼사이언스_투심보고서_WE청년1호.pdf,2024-06-27T01:01:01.106Z,2024-06-27T00:59:57.000Z
1FJpEsu4r5P4iRQ0NXOQCHvnn-4Et080y,투심보고서_콘스탄트.pdf,file,application/pdf,0ADRmYMCfHI3HUk9PVA,투자실(권한 주의),1ajM_pj28CrVTSlnn9LRJZMsZEnBl85EU,/투자실(권한 주의)/03. 펀드팀/★04. Type 2/50. 스프링캠프-KIF 초기전문 투자조합 (스프링캠프)/06. 투심보고(해당자)/20240700_콘스탄트/투심보고서_콘스탄트.pdf,2024-06-26T07:26:00.571Z,2024-06-26T07:25:08.000Z
1QLV_X7PSLEBw0-V6NkYBjiKSEgYoqen0,사전보고서_KIF_콘스탄트.pdf,file,application/pdf,0ADRmYMCfHI3HUk9PVA,투자실(권한 주의),1ajM_pj28CrVTSlnn9LRJZMsZEnBl85EU,/투자실(권한 주의)/03. 펀드팀/★04. Type 2/50. 스프링캠프-KIF 초기전문 투자조합 (스프링캠프)/06. 투심보고(해당자)/20240700_콘스탄트/사전보고서_KIF_콘스탄트.pdf,2024-06-26T07:25:58.860Z,2024-06-26T07:25:07.000Z
1s3O-9alwD_5iV3BEjb_1DZZrDlfP1i0v,사전보고서_KIF_콘스탄트.pdf,file,application/pdf,0ADRmYMCfHI3HUk9PVA,투자실(권한 주의),1qtk04DNb5M2UWPY7-b9-mybx0BGPIGIO,/투자실(권한 주의)/03. 펀드팀/★04. Type 2/50. 스프링캠프-KIF 초기전문 투자조합 (스프링캠프)/06. 투심보고(해당자)/20240626_콘스탄트/사전보고서_KIF_콘스탄트.pdf,2024-06-27T02:00:59.743Z,2024-06-26T07:25:07.000Z
1ghPHY24uIh8bKESVvwY2BczCtPIyf6Qo,프렉탈테크놀로지_투자심사보고서.pdf,file,application/pdf,0ADRmYMCfHI3HUk9PVA,투자실(권한 주의),1Z8AZBIx9XVZFfwl9YLnSPayu6nT9-JQz,/투자실(권한 주의)/03. 펀드팀/★04. Type 2/50. 스프링캠프-KIF 초기전문 투자조합 (스프링캠프)/06. 투심보고(해당자)/20240701_프렉탈테크놀로지/프렉탈테크놀로지_투자심사보고서.pdf,2024-06-26T01:09:28.649Z,2024-06-26T01:09:00.000Z
1IJISPx0m3Y0gmIdXPndTaaIttYv_EALk,홀리데이로보틱스_투심보고서.pdf,file,application/pdf,0ADRmYMCfHI3HUk9PVA,투자실(권한 주의),1q6L-eW-lqNVgsX8qi0QAXXJB2yi_Mqgp,/투자실(권한 주의)/03. 펀드팀/★04. Type 2/50. 스프링캠프-KIF 초기전문 투자조합 (스프링캠프)/06. 투심보고(해당자)/20240627_홀리데이로보틱스/홀리데이로보틱스_투심보고서.pdf,2024-06-24T00:30:55.104Z,2024-06-24T00:30:21.000Z
13CNmUVyPxW4rTfXLrb6t0aWn-dH9J9Dh,콘스탄트_투심보고서 .pdf,file,application/pdf,0ADRmYMCfHI3HUk9PVA,투자실(권한 주의),1qtk04DNb5M2UWPY7-b9-mybx0BGPIGIO,/투자실(권한 주의)/03. 펀드팀/★04. Type 2/50. 스프링캠프-KIF 초기전문 투자조합 (스프링캠프)/06. 투심보고(해당자)/20240626_콘스탄트/콘스탄트_투심보고서 .pdf,2024-06-24T00:30:58.347Z,2024-06-24T00:29:34.000Z
1qn6d_1JIo4Ml9YM7H2tWTlNDDgXa5WaN,(240624) 투자검토보고서_(주)아치서울(아이비케이 디캠프 IP기술사업화 KIAMCO인라이트 펀드).pdf,file,application/pdf,0ADRmYMCfHI3HUk9PVA,투자실(권한 주의),1oggvxXdMUsO2YROZgK6yIsuDgZ_gN6hI,"/투자실(권한 주의)/03. 펀드팀/★04. Type 2/49. 아이비케이 디캠프 IP기술사업화 KIAMCO인라이트 펀드 (인라이트벤처스, 케이디비인프라자산운용)/06. 투심보고(해당자)/20240624_아치서울, 타이로스코프/(240624) 투자검토보고서_(주)아치서울(아이비케이 디캠프 IP기술사업화 KIAMCO인라이트 펀드).pdf",2024-06-18T00:27:10.570Z,2024-06-18T00:27:10.000Z
1ju29Sp-sIh4UtiHnVHUCvODjarhA_jGU,(240624) 투자검토보고서_(주)타이로스코프(아이비케이 디캠프 IP기술사업화 KIAMCO인라이트 펀드).pdf,file,application/pdf,0ADRmYMCfHI3HUk9PVA,투자실(권한 주의),1oggvxXdMUsO2YROZgK6yIsuDgZ_gN6hI,"/투자실(권한 주의)/03. 펀드팀/★04. Type 2/49. 아이비케이 디캠프 IP기술사업화 KIAMCO인라이트 펀드 (인라이트벤처스, 케이디비인프라자산운용)/06. 투심보고(해당자)/20240624_아치서울, 타이로스코프/(240624) 투자검토보고서_(주)타이로스코프(아이비케이 디캠프 IP기술사업화 KIAMCO인라이트 펀드).pdf",2024-06-18T00:27:13.967Z,2024-06-18T00:27:08.000Z
1Ereb2c-y-s-caeQuxWiPY7DZlJyjK7YY,FY2023_파인드어스 투자조합 2호_감사보고서.pdf,file,application/pdf,0ADRmYMCfHI3HUk9PVA,투자실(권한 주의),10lPrM4jpWnxJIEq2SK0jR3jH4YTfAPY7,"/투자실(권한 주의)/03. 펀드팀/★04. Type 2/34. 파인드어스 투자조합2호 (파인드어스)/06. 투심보고(해당자)/20240627_리트모코퍼레이션, 모자키, 어헤드코리아, 글로우/FY2023_파인드어스 투자조합 2호_감사보고서.pdf",2024-06-13T09:06:14.089Z,2024-06-13T09:05:19.000Z
1SX3rX9P38MgkZW1rQzDfP-E1qPSsnYGK,루트릭스_투자심사보고서.pdf,file,application/pdf,0ADRmYMCfHI3HUk9PVA,투자실(권한 주의),1OkhGYEitr7RweVQrd45r5-OS6A2ukbo4,/투자실(권한 주의)/03. 펀드팀/★04. Type 2/50. 스프링캠프-KIF 초기전문 투자조합 (스프링캠프)/06. 투심보고(해당자)/20240618_루트릭스/루트릭스_투자심사보고서.pdf,2024-06-11T08:29:19.752Z,2024-06-11T08:28:26.000Z
1VkkgCgt4HYwvQPJ3dsgp1Aa9A3Zod0vJ,스윕_투자심사보고서.pdf,file,application/pdf,0ADRmYMCfHI3HUk9PVA,투자실(권한 주의),1iOrezIIlkplZQLSax0jerqeHimXGE9T6,/투자실(권한 주의)/03. 펀드팀/★04. Type 2/50. 스프링캠프-KIF 초기전문 투자조합 (스프링캠프)/06. 투심보고(해당자)/20240613_스윕/스윕_투자심사보고서.pdf,2024-06-11T00:22:34.786Z,2024-06-11T00:21:57.000Z
12cGXej2u6M_PiKkd19eKGux2wC9yRH1g,투자심사보고서(아트블러드)_2023에스초격차지역균형발전투자조합_F.pdf,file,application/pdf,0ADRmYMCfHI3HUk9PVA,투자실(권한 주의),1k_hu0447AvRVa98cBo_hCe1EAHvkhqg6,/투자실(권한 주의)/03. 펀드팀/★04. Type 2/46. 2023에스초격차지역균형발전투자조합 (에스벤처스)/06. 투심보고(해당자)/20240617_(주)아트블러드/투자심사보고서(아트블러드)_2023에스초격차지역균형발전투자조합_F.pdf,2024-06-11T00:21:22.578Z,2024-06-11T00:20:09.000Z
1e8dhius9wRXgNClor1wpLT6zp3V0AdXf,스매치코퍼레이션_투심보고서 .pdf,file,application/pdf,0ADRmYMCfHI3HUk9PVA,투자실(권한 주의),1pLB9VgJ4OfeWgMg8C6mXTTbWg9Q8uDjh,/투자실(권한 주의)/03. 펀드팀/★04. Type 2/50. 스프링캠프-KIF 초기전문 투자조합 (스프링캠프)/06. 투심보고(해당자)/20240529_스매치코퍼레이션/스매치코퍼레이션_투심보고서 .pdf,2024-05-29T07:00:00.000Z,2024-05-29T09:42:39.743Z
1EUdiHTkUidFQYjEJftwPWFAIrKM_4BXl,고퍼소프트_투심보고서.pdf,file,application/pdf,0ADRmYMCfHI3HUk9PVA,투자실(권한 주의),1HrDfKHjoe5tHbwGRwqlMA8SqN5z15pF-,/투자실(권한 주의)/03. 펀드팀/★04. Type 2/50. 스프링캠프-KIF 초기전문 투자조합 (스프링캠프)/06. 투심보고(해당자)/20240524_고퍼소프트/고퍼소프트_투심보고서.pdf,2024-05-24T02:30:00.000Z,2024-05-24T02:42:27.105Z
1yU47e4Ppbl9JfY1AFa90U6nMQxQzdXld,사전보고서_KIF_달파.pdf,file,application/pdf,0ADRmYMCfHI3HUk9PVA,투자실(권한 주의),1dDlWbOw8FOeSK4tmVO4r0Bn_wAG98XFk,/투자실(권한 주의)/03. 펀드팀/★04. Type 2/50. 스프링캠프-KIF 초기전문 투자조합 (스프링캠프)/06. 투심보고(해당자)/20240402_달파/사전보고서_KIF_달파.pdf,2024-05-08T09:13:56.829Z,2024-05-08T09:11:28.000Z
1Vx9lJ_9rKOPtpC8acZ42BPZSiA4eU2LR,달파_투자심사보고서.pdf,file,application/pdf,0ADRmYMCfHI3HUk9PVA,투자실(권한 주의),1dDlWbOw8FOeSK4tmVO4r0Bn_wAG98XFk,/투자실(권한 주의)/03. 펀드팀/★04. Type 2/50. 스프링캠프-KIF 초기전문 투자조합 (스프링캠프)/06. 투심보고(해당자)/20240402_달파/달파_투자심사보고서.pdf,2024-04-02T06:00:00.000Z,2024-05-08T09:07:56.791Z
1Wn4b01-d7R_g-uIhUe5dBcx9L0wCpEb0,별첨_투자대상기업 (주)티에이치케이컴퍼니 후행투자관련 사전보고서(2023에스초격차지역균형발전투자조합).pdf,file,application/pdf,0ADRmYMCfHI3HUk9PVA,투자실(권한 주의),1ehrorOjGhjlHxf3PZDM-JfWR-x5K3J8T,/투자실(권한 주의)/03. 펀드팀/★04. Type 2/46. 2023에스초격차지역균형발전투자조합 (에스벤처스)/06. 투심보고(해당자)/20240507_(주)티에이치케이컴퍼니/별첨_투자대상기업 (주)티에이치케이컴퍼니 후행투자관련 사전보고서(2023에스초격차지역균형발전투자조합).pdf,2024-05-08T05:39:48.453Z,2024-05-08T05:36:50.000Z
1pDysuxyCCDGG64paH4u4lijLJ7yFX2jM,벨테라퓨틱스_투심보고서.pdf,file,application/pdf,0ADRmYMCfHI3HUk9PVA,투자실(권한 주의),1nrfeXoAW4hLRp8OVAVPKck6JY5XxasqY,/투자실(권한 주의)/03. 펀드팀/★04. Type 2/50. 스프링캠프-KIF 초기전문 투자조합 (스프링캠프)/06. 투심보고(해당자)/20240507_벨테라퓨틱스/벨테라퓨틱스_투심보고서.pdf,2024-04-30T04:25:40.434Z,2024-04-30T04:22:31.000Z
1DSTD91udJSRKI4JehOyPOOncDWtx66gE,달파_투심보고서.pdf,file,application/pdf,0ADRmYMCfHI3HUk9PVA,투자실(권한 주의),1dDlWbOw8FOeSK4tmVO4r0Bn_wAG98XFk,/투자실(권한 주의)/03. 펀드팀/★04. Type 2/50. 스프링캠프-KIF 초기전문 투자조합 (스프링캠프)/06. 투심보고(해당자)/20240402_달파/달파_투심보고서.pdf,2024-03-28T10:13:33.686Z,2024-03-28T10:12:46.000Z
1n-bWqQoesaVkesmDIezXw9-0RoUKutYv,투심보고서_래티스.pdf,file,application/pdf,0ADRmYMCfHI3HUk9PVA,투자실(권한 주의),12KoQ4K4SDKhG7NGuui5WI8troXwktXGG,/투자실(권한 주의)/03. 펀드팀/★04. Type 2/50. 스프링캠프-KIF 초기전문 투자조합 (스프링캠프)/06. 투심보고(해당자)/20240315_래티스/투심보고서_래티스.pdf,2024-03-26T00:36:33.938Z,2024-03-26T00:32:42.000Z
13wl2S8zYisoEDpPh2uR8T_2-MN2-Wils,래티스_투자심사보고서.pdf,file,application/pdf,0ADRmYMCfHI3HUk9PVA,투자실(권한 주의),12KoQ4K4SDKhG7NGuui5WI8troXwktXGG,/투자실(권한 주의)/03. 펀드팀/★04. Type 2/50. 스프링캠프-KIF 초기전문 투자조합 (스프링캠프)/06. 투심보고(해당자)/20240315_래티스/래티스_투자심사보고서.pdf,2024-03-13T00:57:53.858Z,2024-03-20T02:22:31.930Z
1oKbNPVfHUdFh398c2P25ydEKuEmIMOTw,사전보고서_KIF_래티스.pdf,file,application/pdf,0ADRmYMCfHI3HUk9PVA,투자실(권한 주의),12KoQ4K4SDKhG7NGuui5WI8troXwktXGG,/투자실(권한 주의)/03. 펀드팀/★04. Type 2/50. 스프링캠프-KIF 초기전문 투자조합 (스프링캠프)/06. 투심보고(해당자)/20240315_래티스/사전보고서_KIF_래티스.pdf,2024-03-20T02:22:26.812Z,2024-03-20T02:21:51.000Z
1KxedWULLiP45w8fFJH7bgLXXR7NvPVPk,투심보고서_이노서스.pdf,file,application/pdf,0ADRmYMCfHI3HUk9PVA,투자실(권한 주의),1DIwFgdE3cB-YW4ibKjRG8SqeGYFvOdOQ,/투자실(권한 주의)/03. 펀드팀/★04. Type 2/50. 스프링캠프-KIF 초기전문 투자조합 (스프링캠프)/06. 투심보고(해당자)/20240306_이노서스/투심보고서_이노서스.pdf,2024-03-07T06:41:01.196Z,2024-03-07T06:40:16.000Z
1k1UoDoBnrL6aeS7OCgU1R4m7vBFB4TC8,사전보고서_KIF_이노서스.pdf,file,application/pdf,0ADRmYMCfHI3HUk9PVA,투자실(권한 주의),1DIwFgdE3cB-YW4ibKjRG8SqeGYFvOdOQ,/투자실(권한 주의)/03. 펀드팀/★04. Type 2/50. 스프링캠프-KIF 초기전문 투자조합 (스프링캠프)/06. 투심보고(해당자)/20240306_이노서스/사전보고서_KIF_이노서스.pdf,2024-03-07T06:40:59.929Z,2024-03-07T06:40:15.000Z
1zs_TsePNK-wMlD8uNPqzv_0eROjHEtpx,이노서스_투자심사보고서.pdf,file,application/pdf,0ADRmYMCfHI3HUk9PVA,투자실(권한 주의),1DIwFgdE3cB-YW4ibKjRG8SqeGYFvOdOQ,/투자실(권한 주의)/03. 펀드팀/★04. Type 2/50. 스프링캠프-KIF 초기전문 투자조합 (스프링캠프)/06. 투심보고(해당자)/20240306_이노서스/이노서스_투자심사보고서.pdf,2024-03-07T00:45:10.769Z,2024-03-07T00:45:04.000Z
1Xby2MGviuS23LRWq0M76J8YAYHT_I5tS,투자심사보고서(수지스링크)_2023에스초격차지역균형발전투자조합_F.pdf,file,application/pdf,0ADRmYMCfHI3HUk9PVA,투자실(권한 주의),1r1Q84sG49CebKQFIFLUdEavrVZGomKme,/투자실(권한 주의)/03. 펀드팀/★04. Type 2/46. 2023에스초격차지역균형발전투자조합 (에스벤처스)/06. 투심보고(해당자)/20240312_(주)수지스링크/투자심사보고서(수지스링크)_2023에스초격차지역균형발전투자조합_F.pdf,2024-03-06T07:19:32.262Z,2024-03-06T07:18:27.000Z
1ErskHIC2PRZrquHhhor1UqlvVBymmTzd,이노서스_투심보고서.pdf,file,application/pdf,0ADRmYMCfHI3HUk9PVA,투자실(권한 주의),1DIwFgdE3cB-YW4ibKjRG8SqeGYFvOdOQ,/투자실(권한 주의)/03. 펀드팀/★04. Type 2/50. 스프링캠프-KIF 초기전문 투자조합 (스프링캠프)/06. 투심보고(해당자)/20240306_이노서스/이노서스_투심보고서.pdf,2024-02-28T07:52:02.095Z,2024-02-28T07:50:26.000Z
1I3G_eFiAgGb2X_Ndq6lGA509tpiFPwF4,오비터스_투심보고서.pdf,file,application/pdf,0ADRmYMCfHI3HUk9PVA,투자실(권한 주의),1tAmd-bI-iUJvKIW21acX7QXMnVlDe7i6,/투자실(권한 주의)/03. 펀드팀/★04. Type 2/50. 스프링캠프-KIF 초기전문 투자조합 (스프링캠프)/06. 투심보고(해당자)/20240223_오비터스/오비터스_투심보고서.pdf,2024-02-20T00:26:37.096Z,2024-02-20T00:25:13.000Z
1nf9J95FOh1oLhV2AIMpLjkvFf0ogqKA_,리얼드로우_투자심사보고서(2차).pdf,file,application/pdf,0ADRmYMCfHI3HUk9PVA,투자실(권한 주의),1p33whNynnN-s9B43Rn2_imGusCVeJ0bb,"/투자실(권한 주의)/03. 펀드팀/★04. Type 2/50. 스프링캠프-KIF 초기전문 투자조합 (스프링캠프)/06. 투심보고(해당자)/20240202_리얼드로우, Pixell Global/리얼드로우/리얼드로우_투자심사보고서(2차).pdf",2024-02-20T00:26:50.583Z,2024-02-20T00:21:19.000Z
11NNmJriIL9DCtOZmiktpQhtj-9hIu_6y,1. 투자심사보고서(포스포)_초격차_최종_1.0.pdf,file,application/pdf,0ADRmYMCfHI3HUk9PVA,투자실(권한 주의),1Sw3V9cqeDkrL8GdMuXBwEsiY71ChIIur,/투자실(권한 주의)/03. 펀드팀/★04. Type 2/46. 2023에스초격차지역균형발전투자조합 (에스벤처스)/06. 투심보고(해당자)/20231218_(주)포스포/1. 투자심사보고서(포스포)_초격차_최종_1.0.pdf,2024-02-14T09:40:09.564Z,2024-02-14T09:24:51.000Z
1RVSYMtj4AGhHn5yP7jSXj3gsp0HdcOiN,투심보고서_리얼드로우.pdf,file,application/pdf,0ADRmYMCfHI3HUk9PVA,투자실(권한 주의),1p33whNynnN-s9B43Rn2_imGusCVeJ0bb,"/투자실(권한 주의)/03. 펀드팀/★04. Type 2/50. 스프링캠프-KIF 초기전문 투자조합 (스프링캠프)/06. 투심보고(해당자)/20240202_리얼드로우, Pixell Global/리얼드로우/투심보고서_리얼드로우.pdf",2024-02-05T04:55:59.220Z,2024-02-05T04:54:44.000Z
1548HmYkmKU-qqb-aeA_jH9K6tRR4WM9a,사전보고서_KIF_리얼드로우.pdf,file,application/pdf,0ADRmYMCfHI3HUk9PVA,투자실(권한 주의),1p33whNynnN-s9B43Rn2_imGusCVeJ0bb,"/투자실(권한 주의)/03. 펀드팀/★04. Type 2/50. 스프링캠프-KIF 초기전문 투자조합 (스프링캠프)/06. 투심보고(해당자)/20240202_리얼드로우, Pixell Global/리얼드로우/사전보고서_KIF_리얼드로우.pdf",2024-02-05T04:55:57.880Z,2024-02-05T04:54:42.000Z
1U5COm3JejklwP3BaDcciJt5LGVdLeUzS,투심보고서_Pixell.pdf,file,application/pdf,0ADRmYMCfHI3HUk9PVA,투자실(권한 주의),11Av4HKQwTFOnio3Zr1Ks2prvq2_jUgt-,"/투자실(권한 주의)/03. 펀드팀/★04. Type 2/50. 스프링캠프-KIF 초기전문 투자조합 (스프링캠프)/06. 투심보고(해당자)/20240202_리얼드로우, Pixell Global/Pixell Global/투심보고서_Pixell.pdf",2024-02-02T08:54:45.015Z,2024-02-02T08:52:21.000Z
1nIj9blvcce2xQoVgKyMgbTvyKEBhEztw,사전보고서_KIF_Pixell.pdf,file,application/pdf,0ADRmYMCfHI3HUk9PVA,투자실(권한 주의),11Av4HKQwTFOnio3Zr1Ks2prvq2_jUgt-,"/투자실(권한 주의)/03. 펀드팀/★04. Type 2/50. 스프링캠프-KIF 초기전문 투자조합 (스프링캠프)/06. 투심보고(해당자)/20240202_리얼드로우, Pixell Global/Pixell Global/사전보고서_KIF_Pixell.pdf",2024-02-02T08:54:43.478Z,2024-02-02T08:52:18.000Z
19gDCZOI_CA0IHOQmeWZR_r8ZHoLlhxEF,사전보고서_KIF_패스트포워드.pdf,file,application/pdf,0ADRmYMCfHI3HUk9PVA,투자실(권한 주의),1ur9AYjCuuOTPUSrrIcjxCrDVjHKvBcPx,"/투자실(권한 주의)/03. 펀드팀/★04. Type 2/50. 스프링캠프-KIF 초기전문 투자조합 (스프링캠프)/06. 투심보고(해당자)/20240201_패스트포워드, 플록스/(주)패스트포워드/사전보고서_KIF_패스트포워드.pdf",2024-02-02T00:40:26.790Z,2024-02-02T00:39:28.000Z
1iiE4YF8DamaqySz1OE9e7MI3-Jdln26m,사전보고서_KIF_플록스.pdf,file,application/pdf,0ADRmYMCfHI3HUk9PVA,투자실(권한 주의),1vTfZcMeQoAcoX-KmwBFVpmaa_s-6joOs,"/투자실(권한 주의)/03. 펀드팀/★04. Type 2/50. 스프링캠프-KIF 초기전문 투자조합 (스프링캠프)/06. 투심보고(해당자)/20240201_패스트포워드, 플록스/(주)플록스/사전보고서_KIF_플록스.pdf",2024-02-02T00:38:40.325Z,2024-02-02T00:36:19.000Z
1VSaf7NdMLF8b-jYeMLFPZ-SwmK_kDzOO,Pixell Global_투자심사보고서.pdf,file,application/pdf,0ADRmYMCfHI3HUk9PVA,투자실(권한 주의),11Av4HKQwTFOnio3Zr1Ks2prvq2_jUgt-,"/투자실(권한 주의)/03. 펀드팀/★04. Type 2/50. 스프링캠프-KIF 초기전문 투자조합 (스프링캠프)/06. 투심보고(해당자)/20240202_리얼드로우, Pixell Global/Pixell Global/Pixell Global_투자심사보고서.pdf",2024-01-30T06:04:13.646Z,2024-01-30T06:03:19.000Z
1XD42QyGRNsOl4G_YZj9WM-8Xq7UbTLcU,리얼드로우_투자심사보고서.pdf,file,application/pdf,0ADRmYMCfHI3HUk9PVA,투자실(권한 주의),1p33whNynnN-s9B43Rn2_imGusCVeJ0bb,"/투자실(권한 주의)/03. 펀드팀/★04. Type 2/50. 스프링캠프-KIF 초기전문 투자조합 (스프링캠프)/06. 투심보고(해당자)/20240202_리얼드로우, Pixell Global/리얼드로우/리얼드로우_투자심사보고서.pdf",2024-01-30T06:04:28.312Z,2024-01-30T06:03:18.000Z
1Uqk6-ZQo7LcIRgaUU9clgAjH1bykVsP6,사전보고서_KIF_그레이박스.pdf,file,application/pdf,0ADRmYMCfHI3HUk9PVA,투자실(권한 주의),1GRB659Qn0rPFh0Z_2ss0OKG0Axp_Mip2,"/투자실(권한 주의)/03. 펀드팀/★04. Type 2/50. 스프링캠프-KIF 초기전문 투자조합 (스프링캠프)/06. 투심보고(해당자)/20240125_그레이박스, K-Day/(주) 그레이박스/사전보고서_KIF_그레이박스.pdf",2024-01-30T05:59:37.031Z,2024-01-30T04:11:15.000Z
1F8K_Wqwccw1lJrnRsji-wvQ_X_n9p7hD,K-Day_투자심사보고서.pdf,file,application/pdf,0ADRmYMCfHI3HUk9PVA,투자실(권한 주의),1cOW9Oetd_UchJlWs0czDKDGiGOINDdTG,"/투자실(권한 주의)/03. 펀드팀/★04. Type 2/50. 스프링캠프-KIF 초기전문 투자조합 (스프링캠프)/06. 투심보고(해당자)/20240125_그레이박스, K-Day/(주) K-Day/K-Day_투자심사보고서.pdf",2024-01-25T08:43:33.845Z,2024-01-25T08:41:22.000Z
1QNoJcJRoQYXRuLrhIXn2ik7bHxtsxNcd,그레이박스_투자심사보고서 .pdf,file,application/pdf,0ADRmYMCfHI3HUk9PVA,투자실(권한 주의),1GRB659Qn0rPFh0Z_2ss0OKG0Axp_Mip2,"/투자실(권한 주의)/03. 펀드팀/★04. Type 2/50. 스프링캠프-KIF 초기전문 투자조합 (스프링캠프)/06. 투심보고(해당자)/20240125_그레이박스, K-Day/(주) 그레이박스/그레이박스_투자심사보고서 .pdf",2024-01-25T08:43:28.590Z,2024-01-25T08:41:21.000Z
12YHuKxnK2pyw6fkbWGQqyjNRWLnDdQdM,플록스_투심보고서 .pdf,file,application/pdf,0ADRmYMCfHI3HUk9PVA,투자실(권한 주의),1vTfZcMeQoAcoX-KmwBFVpmaa_s-6joOs,"/투자실(권한 주의)/03. 펀드팀/★04. Type 2/50. 스프링캠프-KIF 초기전문 투자조합 (스프링캠프)/06. 투심보고(해당자)/20240201_패스트포워드, 플록스/(주)플록스/플록스_투심보고서 .pdf",2024-01-25T08:40:49.515Z,2024-01-25T08:35:00.000Z
1C7X0wwvsyY-0mQ4za9X-kLj2K5ffY1Qm,패스트포워드_투심보고서.pdf,file,application/pdf,0ADRmYMCfHI3HUk9PVA,투자실(권한 주의),1ur9AYjCuuOTPUSrrIcjxCrDVjHKvBcPx,"/투자실(권한 주의)/03. 펀드팀/★04. Type 2/50. 스프링캠프-KIF 초기전문 투자조합 (스프링캠프)/06. 투심보고(해당자)/20240201_패스트포워드, 플록스/(주)패스트포워드/패스트포워드_투심보고서.pdf",2024-01-25T08:40:35.955Z,2024-01-25T08:34:58.000Z
1yyjl7MOPxFLVajfOCZl1tVBM9hdFL2pH,투자심사보고서(센시)_2023에스초격차지역균형발전투자조합 (2024-01-17)-최총.pdf,file,application/pdf,0ADRmYMCfHI3HUk9PVA,투자실(권한 주의),1f79dGq4hBTmLwENUHlV_tNTPAB3N2Nj4,/투자실(권한 주의)/03. 펀드팀/★04. Type 2/46. 2023에스초격차지역균형발전투자조합 (에스벤처스)/06. 투심보고(해당자)/20240117_(주)센시/투자심사보고서(센시)_2023에스초격차지역균형발전투자조합 (2024-01-17)-최총.pdf,2024-01-25T08:22:22.715Z,2024-01-25T08:18:19.000Z
1I4jLwrcqJEO9slaM99U73jzbKRoVojvF,투심위보고서_Klook_20231221.pdf,file,application/pdf,0ADRmYMCfHI3HUk9PVA,투자실(권한 주의),19cV1aPQ6f-KGi_mlpsqm9YgXU77P5u-N,/투자실(권한 주의)/03. 펀드팀/★04. Type 2/42. KIP Southeast Asia Venture Fund 1 (한국투자파트너스 싱가포르)/06. 투심보고(해당자)/20231227_klook/투심위보고서_Klook_20231221.pdf,2023-12-21T03:35:46.000Z,2024-01-02T10:37:11.552Z
1dFZb7IH5SH5Hs74hnUv2MlfG7boTVk4u,투자심사보고서(칩스케이)_2023에스초격차지역균형발전투자조합_20231212_v6.pdf,file,application/pdf,0ADRmYMCfHI3HUk9PVA,투자실(권한 주의),16K2rNL7VLVqJ_n9Gjx9Ofnk5iFX5iKcJ,/투자실(권한 주의)/03. 펀드팀/★04. Type 2/46. 2023에스초격차지역균형발전투자조합 (에스벤처스)/06. 투심보고(해당자)/20231219_(주)칩스케이/투자심사보고서(칩스케이)_2023에스초격차지역균형발전투자조합_20231212_v6.pdf,2023-12-12T09:01:46.000Z,2023-12-14T01:13:49.480Z
16WLAavalp5ybbmnNjNNcqD8-rmVt0XdG,투자심사보고서(포스포)_2023에스초격차지역균형발전투자조합 (2023-12-18)(최종).pdf,file,application/pdf,0ADRmYMCfHI3HUk9PVA,투자실(권한 주의),1Sw3V9cqeDkrL8GdMuXBwEsiY71ChIIur,/투자실(권한 주의)/03. 펀드팀/★04. Type 2/46. 2023에스초격차지역균형발전투자조합 (에스벤처스)/06. 투심보고(해당자)/20231218_(주)포스포/투자심사보고서(포스포)_2023에스초격차지역균형발전투자조합 (2023-12-18)(최종).pdf,2023-12-11T10:02:39.000Z,2023-12-12T08:08:35.553Z
1aV_1FQiWyzNaP6WHdFCuiPjpEw0VJQ2l,231006_우주로테크_투심위보고서_VF.pdf,file,application/pdf,0ADRmYMCfHI3HUk9PVA,투자실(권한 주의),13UoQBGBNd_1W_MFEi49TlfRZJJh6QJ4s,"/투자실(권한 주의)/03. 펀드팀/★04. Type 2/35. 하나-제피러스 프론트원 스타트업펀드(하나벤처스, 제피러스)/06. 투심보고(해당자)/231006_우주로테크/231006_우주로테크_투심위보고서_VF.pdf",2023-10-06T08:38:11.000Z,2023-10-09T08:10:55.461Z
1zdD0_ZCm0HZ8A4FIjZNBf5ESfVoSdssh,230828_제로엑스플로우_투자심사보고서.pdf,file,application/pdf,0ADRmYMCfHI3HUk9PVA,투자실(권한 주의),1rhZHiZfCFp6bz0nRxAYdy83AZIa3PL0A,"/투자실(권한 주의)/03. 펀드팀/★04. Type 2/35. 하나-제피러스 프론트원 스타트업펀드(하나벤처스, 제피러스)/06. 투심보고(해당자)/230828_제로엑스플로우/230828_제로엑스플로우_투자심사보고서.pdf",2023-08-21T09:05:11.000Z,2023-08-21T12:14:49.890Z
12Mepc3LWUfExHSib30tMEbveTaEGglfq,230706_피스피스스튜디오_투심보고서(통합본).pdf,file,application/pdf,0ADRmYMCfHI3HUk9PVA,투자실(권한 주의),12M4w40Ur_F2jjEJPVPSWy6Uy_Pm1jbdg,/투자실(권한 주의)/03. 펀드팀/★04. Type 2/30. WE청년 메이트 펀드 1호 (위벤처스)/06. 투심보고(해당자)/20230712_피스피스스튜디오(주)/230706_피스피스스튜디오_투심보고서(통합본).pdf,2023-07-11T00:56:43.088Z,2023-07-11T00:56:01.512Z
1UKdQxG9kpHVy-vWiOpxhRh3V7f4xQrDh,(첨부1) 에이벤처스 가슴뛰는 창업투자조합_투자심사보고서(주식회사 오케이홈).pdf,file,application/pdf,0ADRmYMCfHI3HUk9PVA,투자실(권한 주의),1YsmLhHmccvbE0g_jRYP-SiGN2iIaFz3r,/투자실(권한 주의)/03. 펀드팀/★04. Type 2/14. 에이벤처스 가슴뛰는 창업투자조합 (에이벤처스)/06. 투심보고(해당자)/투자심의위원회/(첨부1) 에이벤처스 가슴뛰는 창업투자조합_투자심사보고서(주식회사 오케이홈).pdf,2023-06-01T02:12:46.751Z,2023-06-01T02:12:46.617Z
1UBxyhLJsUlI6KJftt45Luvm-SwIYr7ir,(첨부1) 에이벤처스 가슴뛰는 창업투자조합_투자심사보고서(유림테크).pdf,file,application/pdf,0ADRmYMCfHI3HUk9PVA,투자실(권한 주의),1YsmLhHmccvbE0g_jRYP-SiGN2iIaFz3r,/투자실(권한 주의)/03. 펀드팀/★04. Type 2/14. 에이벤처스 가슴뛰는 창업투자조합 (에이벤처스)/06. 투심보고(해당자)/투자심의위원회/(첨부1) 에이벤처스 가슴뛰는 창업투자조합_투자심사보고서(유림테크).pdf,2023-06-01T02:12:42.326Z,2023-06-01T02:12:42.274Z
1T1emyhh9dPry8KdedtnXeNg_rj5Qf8yW,[리트모코퍼레이션] 투자심사보고서.pdf,file,application/pdf,0ADRmYMCfHI3HUk9PVA,투자실(권한 주의),1Sr_GOT4FE74eEQ8cgoeEdH8Evq7_Skbe,/투자실(권한 주의)/03. 펀드팀/★04. Type 2/34. 파인드어스 투자조합2호 (파인드어스)/06. 투심보고(해당자)/리트모코퍼레이션/[리트모코퍼레이션] 투자심사보고서.pdf,2023-05-16T13:26:04.000Z,2023-05-16T13:26:04.000Z
1RANPj21EWoKUN6rAOTuLjZErwjdOdbcR,1. 투자심사보고서_(주)카이트로닉스.pdf,file,application/pdf,0ADRmYMCfHI3HUk9PVA,투자실(권한 주의),1zu5kYOtsO5i-7bT6vg1IlxXNzU4j_lt2,"/투자실(권한 주의)/03. 펀드팀/★04. Type 2/32. 빅뱅-코리아오메가 스타트업 투자조합 (빅뱅엔젤스,코리아오메가)/06. 투심보고(해당자)/1. 투자심사보고서_(주)카이트로닉스.pdf",2023-05-09T00:56:31.963Z,2023-05-09T00:56:31.923Z
1R8wvhkWFHGrE0EryjKYtdltc2oRRsHlk,2. 투자심사보고서_(주)트라이펄게임즈.pdf,file,application/pdf,0ADRmYMCfHI3HUk9PVA,투자실(권한 주의),1zu5kYOtsO5i-7bT6vg1IlxXNzU4j_lt2,"/투자실(권한 주의)/03. 펀드팀/★04. Type 2/32. 빅뱅-코리아오메가 스타트업 투자조합 (빅뱅엔젤스,코리아오메가)/06. 투심보고(해당자)/2. 투자심사보고서_(주)트라이펄게임즈.pdf",2023-05-09T00:56:27.913Z,2023-05-09T00:56:27.843Z
1Y-mKVumHTxQmXSnXeXnaHDH4pMEwRzLI,디쓰리 임팩트 벤처투자조합 제2호_후행투자에 대한 사전보고서_퓨리켐 vF.pdf,file,application/pdf,0ADRmYMCfHI3HUk9PVA,투자실(권한 주의),1XyWbjxan0aJ1zv-RpsvBZ-qSmdsK1MXK,/투자실(권한 주의)/03. 펀드팀/★04. Type 2/12. 디쓰리 임팩트 벤처투자조합 제2호 (디쓰리쥬빌리파트너스)/06. 투심보고(해당자)/20230424_후행투자 사전보고/디쓰리 임팩트 벤처투자조합 제2호_후행투자에 대한 사전보고서_퓨리켐 vF.pdf,2023-04-24T06:27:45.279Z,2023-04-24T06:25:09.379Z
1Em_st1cVdNOAqAtqpQk9sHQVIlQnxhx5,2. 투자심사보고서_어반랩스(주).pdf,file,application/pdf,0ADRmYMCfHI3HUk9PVA,투자실(권한 주의),1zu5kYOtsO5i-7bT6vg1IlxXNzU4j_lt2,"/투자실(권한 주의)/03. 펀드팀/★04. Type 2/32. 빅뱅-코리아오메가 스타트업 투자조합 (빅뱅엔젤스,코리아오메가)/06. 투심보고(해당자)/2. 투자심사보고서_어반랩스(주).pdf",2023-02-28T09:02:23.561Z,2023-02-28T09:02:23.516Z
1EkG62iqcbXPtgrbSKrlgq4_Jsq0D08QB,1. 투자심사보고서_(주)딥스마텍.pdf,file,application/pdf,0ADRmYMCfHI3HUk9PVA,투자실(권한 주의),1zu5kYOtsO5i-7bT6vg1IlxXNzU4j_lt2,"/투자실(권한 주의)/03. 펀드팀/★04. Type 2/32. 빅뱅-코리아오메가 스타트업 투자조합 (빅뱅엔젤스,코리아오메가)/06. 투심보고(해당자)/1. 투자심사보고서_(주)딥스마텍.pdf",2023-02-28T09:02:18.959Z,2023-02-28T09:02:18.849Z
1SeiRcasdnEsvS8n2mSZITBPklEBsftiW,221012_웨이커_투심보고서_WE청년1호.pdf,file,application/pdf,0ADRmYMCfHI3HUk9PVA,투자실(권한 주의),1Fm87oxowFKh_YyXyp5368MODPly54lDv,/투자실(권한 주의)/03. 펀드팀/★04. Type 2/30. WE청년 메이트 펀드 1호 (위벤처스)/06. 투심보고(해당자)/20221019_웨이커/221012_웨이커_투심보고서_WE청년1호.pdf,2022-11-10T00:42:18.751Z,2022-11-10T00:41:00.000Z
1sUbipYGd8RBJWj1Pciqw7Sb1fhilEmc9,221103_링크솔루션_투심보고서_WE청년1호.pdf,file,application/pdf,0ADRmYMCfHI3HUk9PVA,투자실(권한 주의),1woJokmLs0IDXDvrC_FSbMMcp7Z0UPH54,/투자실(권한 주의)/03. 펀드팀/★04. Type 2/30. WE청년 메이트 펀드 1호 (위벤처스)/06. 투심보고(해당자)/20221109_(주)링크솔루션/221103_링크솔루션_투심보고서_WE청년1호.pdf,2022-11-04T00:40:34.483Z,2022-11-04T00:39:13.000Z
1f8iVjs63sbnwADkrkZ5nKCbV_tXMV9gK,(첨부1) 투자심사보고서_브런트 주식회사.pdf,file,application/pdf,0ADRmYMCfHI3HUk9PVA,투자실(권한 주의),1VpvzzYMIu5sj6BUO758cRWBnB6XmHMFb,/투자실(권한 주의)/03. 펀드팀/★04. Type 2/14. 에이벤처스 가슴뛰는 창업투자조합 (에이벤처스)/06. 투심보고(해당자)/투자심의위원회/20220221_브런트 주식회사/(첨부1) 투자심사보고서_브런트 주식회사.pdf,2022-02-15T02:30:50.145Z,2022-02-15T02:28:32.000Z
1N2T6fuD5G4LfHKd52eqeAqp7w5gMSo6H,(첨부1) 투자심사보고서(주식회사 이파피루스)_에이벤처스 가슴뛰는 창업투자조합.pdf,file,application/pdf,0ADRmYMCfHI3HUk9PVA,투자실(권한 주의),1oWWrITmoKhhyLHIXq4Ii58l3UAbsSVGy,/투자실(권한 주의)/03. 펀드팀/★04. Type 2/14. 에이벤처스 가슴뛰는 창업투자조합 (에이벤처스)/06. 투심보고(해당자)/투자심의위원회/20211216_주식회사 이파피루스/(첨부1) 투자심사보고서(주식회사 이파피루스)_에이벤처스 가슴뛰는 창업투자조합.pdf,2021-12-09T08:03:14.000Z,2021-12-13T08:35:22.033Z
172qE-zRKiXCtSSUhNQ1HVegOb3odkKBW,첨부1_투자심사보고서(코애귤런트테라퓨틱스).pdf,file,application/pdf,0ADRmYMCfHI3HUk9PVA,투자실(권한 주의),1IfTTefERkVWxH2Ct1Mz_IylvNjXWqPN1,/투자실(권한 주의)/03. 펀드팀/★04. Type 2/14. 에이벤처스 가슴뛰는 창업투자조합 (에이벤처스)/06. 투심보고(해당자)/투자심의위원회/20210309_코애귤런트테라퓨틱스/첨부1_투자심사보고서(코애귤런트테라퓨틱스).pdf,2021-03-02T07:19:13.000Z,2021-03-02T07:23:06.146Z
15BanZMVJ5N2aAcjZ0if1I1BL7LNeq7ZE,"Murex_퍼플1호,웨이브2호_하우빌드_투심보고서_vf_201215.pdf",file,application/pdf,0ADRmYMCfHI3HUk9PVA,투자실(권한 주의),1sRKMCarUjdVeYLVNUGO2XWTMusmZjLk_,"/투자실(권한 주의)/03. 펀드팀/★04. Type 2/09. 뮤렉스퍼플1호투자조합 (뮤렉스파트너스)/06. 투심보고(해당자)/20201229_하우빌드/Murex_퍼플1호,웨이브2호_하우빌드_투심보고서_vf_201215.pdf",2020-12-22T01:13:49.000Z,2020-12-22T08:27:56.484Z
1_eAjUhOV9_HnfYIHBKkW5YoxLMFalzIL,(첨부1) 에이벤처스 가슴뛰는 창업투자조합_쓰리빌리언 투심보고서(수정본).pdf,file,application/pdf,0ADRmYMCfHI3HUk9PVA,투자실(권한 주의),13_ZsrnGpKJtnS06TGRJvpEeywPB0VWmo,/투자실(권한 주의)/03. 펀드팀/★04. Type 2/14. 에이벤처스 가슴뛰는 창업투자조합 (에이벤처스)/06. 투심보고(해당자)/투자심의위원회/20201214_쓰리빌리언/(첨부1) 에이벤처스 가슴뛰는 창업투자조합_쓰리빌리언 투심보고서(수정본).pdf,2020-12-15T05:48:29.000Z,2020-12-16T06:13:49.940Z
1R5NfIcAu4rGESek14q9kbqRsTsG2ChRD,(첨부1) 피플앤스토리_조합투심보고서.pdf,file,application/pdf,0ADRmYMCfHI3HUk9PVA,투자실(권한 주의),1pIhfVrnT7jjovhmzI6XaI2hqBK5lPbhz,/투자실(권한 주의)/03. 펀드팀/★04. Type 2/14. 에이벤처스 가슴뛰는 창업투자조합 (에이벤처스)/06. 투심보고(해당자)/투자심의위원회/20201210_피플앤스토리/(첨부1) 피플앤스토리_조합투심보고서.pdf,2020-12-03T08:18:42.000Z,2020-12-08T07:00:52.466Z
10f1YGZJ061n8ax4uGEy_7hDQu_HK6Dsy,(첨부1) 에이벤처스 가슴뛰는 창업투자조합_쓰리빌리언 투심보고서.pdf,file,application/pdf,0ADRmYMCfHI3HUk9PVA,투자실(권한 주의),13_ZsrnGpKJtnS06TGRJvpEeywPB0VWmo,/투자실(권한 주의)/03. 펀드팀/★04. Type 2/14. 에이벤처스 가슴뛰는 창업투자조합 (에이벤처스)/06. 투심보고(해당자)/투자심의위원회/20201214_쓰리빌리언/(첨부1) 에이벤처스 가슴뛰는 창업투자조합_쓰리빌리언 투심보고서.pdf,2020-12-07T06:50:04.000Z,2020-12-08T04:56:28.417Z
1W8xs3Ft68xoaISZufVpB5nRMPsWGv4Eg,Murex_퍼플랩스헬스케어_3차투자심사보고서_퍼플1호.pdf,file,application/pdf,0ADRmYMCfHI3HUk9PVA,투자실(권한 주의),1LHzLBFG00WNiKK7WO8L1tv2rnjUQQ-ZP,/투자실(권한 주의)/03. 펀드팀/★04. Type 2/09. 뮤렉스퍼플1호투자조합 (뮤렉스파트너스)/06. 투심보고(해당자)/20201203_퍼플랩스헬스케어/Murex_퍼플랩스헬스케어_3차투자심사보고서_퍼플1호.pdf,2020-12-03T07:15:37.000Z,2020-12-03T08:43:21.589Z
1iZSuvm8Tkm5cVNGvoWNi9purw-oZJn7t,(첨부1) 에이벤처스 가슴뛰는 창업투자조합 투자심사보고서(주식회사 휴이노).pdf,file,application/pdf,0ADRmYMCfHI3HUk9PVA,투자실(권한 주의),1cgkSiT6q36KInMf-MP1uFqcyNluixX2R,/투자실(권한 주의)/03. 펀드팀/★04. Type 2/14. 에이벤처스 가슴뛰는 창업투자조합 (에이벤처스)/06. 투심보고(해당자)/투자심의위원회/20201130_휴이노/(첨부1) 에이벤처스 가슴뛰는 창업투자조합 투자심사보고서(주식회사 휴이노).pdf,2020-11-23T05:52:16.000Z,2020-11-26T01:21:01.223Z
1G3gpN4cdUCmkGaEuG4pkeSkdPs5BkFBr,Murex_투심보고서_임프리메드_201023_revised.pdf,file,application/pdf,0ADRmYMCfHI3HUk9PVA,투자실(권한 주의),1gXBXIvAbFynhcXJERuUb7eG6bWICyevn,/투자실(권한 주의)/03. 펀드팀/★04. Type 2/09. 뮤렉스퍼플1호투자조합 (뮤렉스파트너스)/06. 투심보고(해당자)/20201103_임프리메드/Murex_투심보고서_임프리메드_201023_revised.pdf,2020-11-02T07:26:56.000Z,2020-11-09T01:38:59.808Z
1dItGYgvCO1Wpfl_H6fWArfobwWWZdUxs,(첨부1) 뉴젠솔루션_조합투심보고서.pdf,file,application/pdf,0ADRmYMCfHI3HUk9PVA,투자실(권한 주의),1YsmLhHmccvbE0g_jRYP-SiGN2iIaFz3r,/투자실(권한 주의)/03. 펀드팀/★04. Type 2/14. 에이벤처스 가슴뛰는 창업투자조합 (에이벤처스)/06. 투심보고(해당자)/투자심의위원회/(첨부1) 뉴젠솔루션_조합투심보고서.pdf,2020-08-06T06:45:15.000Z,2020-08-06T09:38:17.426Z
14S70TfpVV9gnG_HScDeMozQsd669g3xq,첨부1_트레드링스_투심보고서.pdf,file,application/pdf,0ADRmYMCfHI3HUk9PVA,투자실(권한 주의),1YsmLhHmccvbE0g_jRYP-SiGN2iIaFz3r,/투자실(권한 주의)/03. 펀드팀/★04. Type 2/14. 에이벤처스 가슴뛰는 창업투자조합 (에이벤처스)/06. 투심보고(해당자)/투자심의위원회/첨부1_트레드링스_투심보고서.pdf,2020-07-27T06:29:31.000Z,2020-07-27T06:34:04.120Z
1qb6I9FQj7kAvz6Pa0BH0SqBbt_OFSoe2,Murex_트렌비_투심보고서_3차.pdf,file,application/pdf,0ADRmYMCfHI3HUk9PVA,투자실(권한 주의),116HGFsHbTa58NNqIT4rVVNX8Bl3rb5pJ,/투자실(권한 주의)/03. 펀드팀/★04. Type 2/09. 뮤렉스퍼플1호투자조합 (뮤렉스파트너스)/06. 투심보고(해당자)/20200625_트렌비/Murex_트렌비_투심보고서_3차.pdf,2020-06-18T02:57:00.000Z,2020-06-18T04:47:36.193Z
1-C_0bxPAX2ZqA4ycgYyKOuSZRte22NzE,아워박스_투심보고서(조합)_20200611_최종.pdf,file,application/pdf,0ADRmYMCfHI3HUk9PVA,투자실(권한 주의),1YsmLhHmccvbE0g_jRYP-SiGN2iIaFz3r,/투자실(권한 주의)/03. 펀드팀/★04. Type 2/14. 에이벤처스 가슴뛰는 창업투자조합 (에이벤처스)/06. 투심보고(해당자)/투자심의위원회/아워박스_투심보고서(조합)_20200611_최종.pdf,2020-06-12T06:38:55.000Z,2020-06-12T08:08:22.320Z
1752QggIkmrIybxFpmOOEUavA0slVYlwl,(첨부1) 아워박스_투심보고서_20200604.pdf,file,application/pdf,0ADRmYMCfHI3HUk9PVA,투자실(권한 주의),1YsmLhHmccvbE0g_jRYP-SiGN2iIaFz3r,/투자실(권한 주의)/03. 펀드팀/★04. Type 2/14. 에이벤처스 가슴뛰는 창업투자조합 (에이벤처스)/06. 투심보고(해당자)/투자심의위원회/(첨부1) 아워박스_투심보고서_20200604.pdf,2020-06-05T05:23:04.000Z,2020-06-12T01:50:46.776Z
1AcJPhRW_EOCIkOu7J2_lvj0jULx8GWrY,첨부1_투자심사보고서(지구인컴퍼니).pdf,file,application/pdf,0ADRmYMCfHI3HUk9PVA,투자실(권한 주의),1YsmLhHmccvbE0g_jRYP-SiGN2iIaFz3r,/투자실(권한 주의)/03. 펀드팀/★04. Type 2/14. 에이벤처스 가슴뛰는 창업투자조합 (에이벤처스)/06. 투심보고(해당자)/투자심의위원회/첨부1_투자심사보고서(지구인컴퍼니).pdf,2019-11-01T07:03:27.000Z,2020-05-29T06:43:55.740Z
1crHJCyROCCP3PwsuiNkyP5VCEWvT7h1R,첨부1_투자심사보고서(쓰리빌리언).pdf,file,application/pdf,0ADRmYMCfHI3HUk9PVA,투자실(권한 주의),1YsmLhHmccvbE0g_jRYP-SiGN2iIaFz3r,/투자실(권한 주의)/03. 펀드팀/★04. Type 2/14. 에이벤처스 가슴뛰는 창업투자조합 (에이벤처스)/06. 투심보고(해당자)/투자심의위원회/첨부1_투자심사보고서(쓰리빌리언).pdf,2019-11-01T07:02:42.000Z,2020-05-29T06:43:30.638Z
1lxs9HbvnkR_Bqkavrm5ZWs2c1KDFslhB,첨부1_투자심사보고서(에스오에스랩).pdf,file,application/pdf,0ADRmYMCfHI3HUk9PVA,투자실(권한 주의),1YsmLhHmccvbE0g_jRYP-SiGN2iIaFz3r,/투자실(권한 주의)/03. 펀드팀/★04. Type 2/14. 에이벤처스 가슴뛰는 창업투자조합 (에이벤처스)/06. 투심보고(해당자)/투자심의위원회/첨부1_투자심사보고서(에스오에스랩).pdf,2020-02-27T09:01:48.000Z,2020-05-29T06:42:44.629Z
1WsA2Mbn0eckAOiPLP1gNY_ACExDwCc0p,첨부1_투자심사보고서(코드잇).pdf,file,application/pdf,0ADRmYMCfHI3HUk9PVA,투자실(권한 주의),1YsmLhHmccvbE0g_jRYP-SiGN2iIaFz3r,/투자실(권한 주의)/03. 펀드팀/★04. Type 2/14. 에이벤처스 가슴뛰는 창업투자조합 (에이벤처스)/06. 투심보고(해당자)/투자심의위원회/첨부1_투자심사보고서(코드잇).pdf,2020-03-20T03:12:56.000Z,2020-05-29T06:41:05.908Z
1wCP20QNOAEvF6aobTNexIMGVYzce1I2N,첨부1_투자심사보고서(레이저쎌).pdf,file,application/pdf,0ADRmYMCfHI3HUk9PVA,투자실(권한 주의),1YsmLhHmccvbE0g_jRYP-SiGN2iIaFz3r,/투자실(권한 주의)/03. 펀드팀/★04. Type 2/14. 에이벤처스 가슴뛰는 창업투자조합 (에이벤처스)/06. 투심보고(해당자)/투자심의위원회/첨부1_투자심사보고서(레이저쎌).pdf,2020-03-19T09:07:20.000Z,2020-05-29T06:40:22.685Z
13Zi_5l8GRPNF-PTSa-2aMbL6VLYb46Hi,Murex_퍼플랩스헬스케어_2차투자심사보고서_퍼플1호.pdf,file,application/pdf,0ADRmYMCfHI3HUk9PVA,투자실(권한 주의),10UQ3iOmVJO8ydghEBEDaz0TlMWhRvy14,/투자실(권한 주의)/03. 펀드팀/★04. Type 2/09. 뮤렉스퍼플1호투자조합 (뮤렉스파트너스)/06. 투심보고(해당자)/20200407_퍼플랩스헬스케어/Murex_퍼플랩스헬스케어_2차투자심사보고서_퍼플1호.pdf,2020-04-01T09:02:28.000Z,2020-04-03T05:03:40.856Z
1-gnRceXTcyA2LgmbUzccIsvLDhLPeP6j,D3 임팩트 투자 보고서_PART A(210x297)_5th_Final.pdf,file,application/pdf,0ADRmYMCfHI3HUk9PVA,투자실(권한 주의),1r4fHrh9uAlUrNTQWq0OIeB_qictKo5bg,/투자실(권한 주의)/03. 펀드팀/★04. Type 2/12. 디쓰리 임팩트 벤처투자조합 제2호 (디쓰리쥬빌리파트너스)/06. 투심보고(해당자)/202003/D3 임팩트 투자 보고서_PART A(210x297)_5th_Final.pdf,2020-04-02T04:44:24.000Z,2020-04-03T04:55:26.547Z
0B7VTDWSoFbfSZVZWeElfYy0xU2tuMlVMOFBTUXBpQ1JibWk0,sdt_투심보고서_최종_20200102.pdf,file,application/pdf,0ADRmYMCfHI3HUk9PVA,투자실(권한 주의),1mdGdPhA2V7e6irBMqEK5bfBjKbd6odtO,/투자실(권한 주의)/03. 펀드팀/★04. Type 2/07. 신한 코그니티브 청년창업 투자조합 (신한-코그니티브)/06. 투심보고(해당자)/sdt_투심보고서_최종_20200102.pdf,2020-01-02T07:29:56.000Z,2020-01-02T07:34:20.023Z
0BzbOEm205b6jMWROQ1VMMWZjYVJoNWF2ZUZiUHpkTEkzbm1v,첨부1_투자심사보고서(알바체크).pdf,file,application/pdf,0ADRmYMCfHI3HUk9PVA,투자실(권한 주의),1nQqVfDfiqyhTAu1_LASSUUdG9M7Hdtb_,/투자실(권한 주의)/03. 펀드팀/★04. Type 2/14. 에이벤처스 가슴뛰는 창업투자조합 (에이벤처스)/06. 투심보고(해당자)/투자심의위원회/20191219_알바체크/첨부1_투자심사보고서(알바체크).pdf,2019-12-13T01:53:37.000Z,2019-12-16T08:58:58.388Z
0B7VTDWSoFbfSMzQ0ZkZ3U0dWM3Y1WVEyNHJfTXhRZXEwcXJJ,Murex_세나클소프트_투심보고서_191125.pdf,file,application/pdf,0ADRmYMCfHI3HUk9PVA,투자실(권한 주의),1MauEjlRzqwhNZpS1p3SLfGnDwCzrI40N,/투자실(권한 주의)/03. 펀드팀/★04. Type 2/09. 뮤렉스퍼플1호투자조합 (뮤렉스파트너스)/06. 투심보고(해당자)/20191203_세나클소프트/Murex_세나클소프트_투심보고서_191125.pdf,2019-11-26T00:21:44.000Z,2019-11-26T00:30:00.946Z
0B7VTDWSoFbfSbHdVYmpGM2t6aHlEVC1jMkFhNzQyOFdreDk4,퍼플1호웨이브1호_하우빌드_투심보고서_vf_191105.pdf,file,application/pdf,0ADRmYMCfHI3HUk9PVA,투자실(권한 주의),1YgaTwQbu_a2DSoWAbGlcptNgbC6kC9hj,/투자실(권한 주의)/03. 펀드팀/★04. Type 2/09. 뮤렉스퍼플1호투자조합 (뮤렉스파트너스)/06. 투심보고(해당자)/20191112_하우빌드/퍼플1호웨이브1호_하우빌드_투심보고서_vf_191105.pdf,2019-11-05T07:09:45.000Z,2019-11-05T08:11:00.043Z
0B7VTDWSoFbfScUVoUG5LR0p5RVh1RlcyVWR1eFpOQkFaTjBV,AG_투심심사보고서_PDC line Pharma_20191028.pdf,file,application/pdf,0ADRmYMCfHI3HUk9PVA,투자실(권한 주의),1mdGdPhA2V7e6irBMqEK5bfBjKbd6odtO,/투자실(권한 주의)/03. 펀드팀/★04. Type 2/07. 신한 코그니티브 청년창업 투자조합 (신한-코그니티브)/06. 투심보고(해당자)/AG_투심심사보고서_PDC line Pharma_20191028.pdf,2019-10-28T09:03:05.000Z,2019-10-29T00:06:23.066Z
0B7VTDWSoFbfSSW90WlpiM2JwdU5DY3Q4aTByUllsMEZJNkpN,AG_투심심사보고서_더뉴한스타일_20191007.pdf,file,application/pdf,0ADRmYMCfHI3HUk9PVA,투자실(권한 주의),1mdGdPhA2V7e6irBMqEK5bfBjKbd6odtO,/투자실(권한 주의)/03. 펀드팀/★04. Type 2/07. 신한 코그니티브 청년창업 투자조합 (신한-코그니티브)/06. 투심보고(해당자)/AG_투심심사보고서_더뉴한스타일_20191007.pdf,2019-10-07T09:44:11.000Z,2019-10-11T10:35:08.696Z
0B7VTDWSoFbfSZ1FKbjNqTXc5Ukl6YUptWUpyV2VTcUxrRHI4,Murex_트렌비_투심보고서_2차(수정).pdf,file,application/pdf,0ADRmYMCfHI3HUk9PVA,투자실(권한 주의),1znJyVwkfSffdEsCCZKhsAOgU56XcIMYK,/투자실(권한 주의)/03. 펀드팀/★04. Type 2/09. 뮤렉스퍼플1호투자조합 (뮤렉스파트너스)/06. 투심보고(해당자)/20191008_트렌비/Murex_트렌비_투심보고서_2차(수정).pdf,2019-09-30T08:03:48.000Z,2019-10-07T04:57:48.167Z
0B7VTDWSoFbfSLU1UUWxXd2d3NzRFTzc0VVFXNkxfNThhVi1r,AG_본투심보고서_토룩_20190927.pdf,file,application/pdf,0ADRmYMCfHI3HUk9PVA,투자실(권한 주의),1mdGdPhA2V7e6irBMqEK5bfBjKbd6odtO,/투자실(권한 주의)/03. 펀드팀/★04. Type 2/07. 신한 코그니티브 청년창업 투자조합 (신한-코그니티브)/06. 투심보고(해당자)/AG_본투심보고서_토룩_20190927.pdf,2019-09-27T09:40:25.000Z,2019-10-07T04:47:19.251Z
0B7VTDWSoFbfSTDJkMkdBaHBBMjlYT1hGS1dJSjVSaTVUTjMw,콴텍_투자심사보고서(청년창업)_190822_v2.pdf,file,application/pdf,0ADRmYMCfHI3HUk9PVA,투자실(권한 주의),1mdGdPhA2V7e6irBMqEK5bfBjKbd6odtO,/투자실(권한 주의)/03. 펀드팀/★04. Type 2/07. 신한 코그니티브 청년창업 투자조합 (신한-코그니티브)/06. 투심보고(해당자)/콴텍_투자심사보고서(청년창업)_190822_v2.pdf,2019-08-23T08:10:27.000Z,2019-08-23T08:20:17.501Z
0B7VTDWSoFbfSX3EyQ3ZfbmU5VGp1RnlJUlNjd0RjTUxpSFI4,뮤렉스퍼플1호_레이니스트 투자검토보고서_190802.pdf,file,application/pdf,0ADRmYMCfHI3HUk9PVA,투자실(권한 주의),1jwWXXanBrM9OD-E6jQaYEMcTJcytnP1_,/투자실(권한 주의)/03. 펀드팀/★04. Type 2/09. 뮤렉스퍼플1호투자조합 (뮤렉스파트너스)/06. 투심보고(해당자)/20190809_레이니스트/뮤렉스퍼플1호_레이니스트 투자검토보고서_190802.pdf,2019-08-02T09:36:50.000Z,2019-08-07T23:55:51.219Z
1H1pc1PoRcw9u8Ty1LPxeI9xtPrdqoxHk,비브로스_투자심사보고서(재투심)_20181214.pdf,file,application/pdf,0ADRmYMCfHI3HUk9PVA,투자실(권한 주의),1mdGdPhA2V7e6irBMqEK5bfBjKbd6odtO,/투자실(권한 주의)/03. 펀드팀/★04. Type 2/07. 신한 코그니티브 청년창업 투자조합 (신한-코그니티브)/06. 투심보고(해당자)/비브로스_투자심사보고서(재투심)_20181214.pdf,2018-12-21T02:29:50.843Z,2018-12-20T08:10:57.242Z
13w5zjcaM-DdlbYbcRXN_KPytF7tWhMMR,Murex_와이더스코리아_투심보고서_최종.pdf,file,application/pdf,0ADRmYMCfHI3HUk9PVA,투자실(권한 주의),139RyVutJTZNe_sN1q3Alf4uYaiT9Fljt,"/투자실(권한 주의)/03. 펀드팀/★04. Type 2/09. 뮤렉스퍼플1호투자조합 (뮤렉스파트너스)/06. 투심보고(해당자)/20180928_레이니스트,야놀자,와이더스코리아/Murex_와이더스코리아_투심보고서_최종.pdf",2018-10-21T10:47:14.218Z,2018-10-21T10:47:04.000Z
13uGs5y9oYuUWih4Z0kh3L_J3dvFjXjbV,Murex_야놀자_투심보고서_최종.pdf,file,application/pdf,0ADRmYMCfHI3HUk9PVA,투자실(권한 주의),139RyVutJTZNe_sN1q3Alf4uYaiT9Fljt,"/투자실(권한 주의)/03. 펀드팀/★04. Type 2/09. 뮤렉스퍼플1호투자조합 (뮤렉스파트너스)/06. 투심보고(해당자)/20180928_레이니스트,야놀자,와이더스코리아/Murex_야놀자_투심보고서_최종.pdf",2018-10-21T10:47:14.072Z,2018-10-21T10:47:04.000Z
13qW5wqKUIIUnG6cWXUJJu2aMVpejwyAv,Murex_레이니스트(뱅크샐러드)_투심보고서_최종.pdf,file,application/pdf,0ADRmYMCfHI3HUk9PVA,투자실(권한 주의),139RyVutJTZNe_sN1q3Alf4uYaiT9Fljt,"/투자실(권한 주의)/03. 펀드팀/★04. Type 2/09. 뮤렉스퍼플1호투자조합 (뮤렉스파트너스)/06. 투심보고(해당자)/20180928_레이니스트,야놀자,와이더스코리아/Murex_레이니스트(뱅크샐러드)_투심보고서_최종.pdf",2018-10-21T10:47:13.586Z,2018-10-21T10:47:04.000Z
13dmMuq4jDHOl1wUZnFCRuUmkTKKE-NS2,Murex_펫프렌즈_투심보고서_181019.pdf,file,application/pdf,0ADRmYMCfHI3HUk9PVA,투자실(권한 주의),13CKWJSgCKE-zUxhxCkHij9je4d1C005j,"/투자실(권한 주의)/03. 펀드팀/★04. Type 2/09. 뮤렉스퍼플1호투자조합 (뮤렉스파트너스)/06. 투심보고(해당자)/20181026_다노,펫프렌즈/Murex_펫프렌즈_투심보고서_181019.pdf",2018-10-21T10:23:41.314Z,2018-10-21T10:23:34.000Z
13Q2wgAyreU4Nefrf2HCM3C0CsDzzmnPJ,Murex_다노_투심보고서_181015_v.pdf,file,application/pdf,0ADRmYMCfHI3HUk9PVA,투자실(권한 주의),13CKWJSgCKE-zUxhxCkHij9je4d1C005j,"/투자실(권한 주의)/03. 펀드팀/★04. Type 2/09. 뮤렉스퍼플1호투자조합 (뮤렉스파트너스)/06. 투심보고(해당자)/20181026_다노,펫프렌즈/Murex_다노_투심보고서_181015_v.pdf",2018-10-21T10:23:40.953Z,2018-10-21T10:23:34.000Z
1G2VPCpbdykpmY06g-SEK3toSUlQuD38r,리베스트_투심보고서_신한코그니티브.pdf,file,application/pdf,0ADRmYMCfHI3HUk9PVA,투자실(권한 주의),1mdGdPhA2V7e6irBMqEK5bfBjKbd6odtO,/투자실(권한 주의)/03. 펀드팀/★04. Type 2/07. 신한 코그니티브 청년창업 투자조합 (신한-코그니티브)/06. 투심보고(해당자)/리베스트_투심보고서_신한코그니티브.pdf,2018-12-21T02:26:11.877Z,2018-09-05T01:28:45.041Z
0B5LivXOMKhzJd3cxV1IwazIwQVhVZEpFMzFiWkt0dVZ4TDV3,Cognitive_투자심사보고서_자안그룹_20180821_ver1.4.pdf,file,application/pdf,0ADRmYMCfHI3HUk9PVA,투자실(권한 주의),1mdGdPhA2V7e6irBMqEK5bfBjKbd6odtO,/투자실(권한 주의)/03. 펀드팀/★04. Type 2/07. 신한 코그니티브 청년창업 투자조합 (신한-코그니티브)/06. 투심보고(해당자)/Cognitive_투자심사보고서_자안그룹_20180821_ver1.4.pdf,2018-08-21T23:24:48.000Z,2018-08-22T00:28:18.545Z
1wE-9qFpSmm8LsNhViEU-B3mOFEWb8o4n,Cognitive_투자심사보고서_페이레터_20180810.pdf,file,application/pdf,0ADRmYMCfHI3HUk9PVA,투자실(권한 주의),1mdGdPhA2V7e6irBMqEK5bfBjKbd6odtO,/투자실(권한 주의)/03. 펀드팀/★04. Type 2/07. 신한 코그니티브 청년창업 투자조합 (신한-코그니티브)/06. 투심보고(해당자)/Cognitive_투자심사보고서_페이레터_20180810.pdf,2018-08-14T00:03:09.182Z,2018-08-14T00:03:09.182Z
1JYd0BHxubm2mwIMx2CaF9B4LVbgYGFNQ,Cognitive_투자심사보고서_엔라이브엑스_20180813.pdf,file,application/pdf,0ADRmYMCfHI3HUk9PVA,투자실(권한 주의),1mdGdPhA2V7e6irBMqEK5bfBjKbd6odtO,/투자실(권한 주의)/03. 펀드팀/★04. Type 2/07. 신한 코그니티브 청년창업 투자조합 (신한-코그니티브)/06. 투심보고(해당자)/Cognitive_투자심사보고서_엔라이브엑스_20180813.pdf,2018-08-14T00:03:05.418Z,2018-08-14T00:03:05.418Z
1xjlGRyACvCxdfw8GUNNS5zngGHIQe_hz,Cognitive_투자심사보고서_아들과딸_20180601_ver1.2.pdf,file,application/pdf,0ADRmYMCfHI3HUk9PVA,투자실(권한 주의),1mdGdPhA2V7e6irBMqEK5bfBjKbd6odtO,/투자실(권한 주의)/03. 펀드팀/★04. Type 2/07. 신한 코그니티브 청년창업 투자조합 (신한-코그니티브)/06. 투심보고(해당자)/Cognitive_투자심사보고서_아들과딸_20180601_ver1.2.pdf,2018-06-15T00:25:28.201Z,2018-06-15T00:25:28.201Z
1X1hNalOi4vyqC38c-ZkJKH4UaxAq_qgN,벤디스_투자심사보고서(청년창업)_180613_v1.1.pdf,file,application/pdf,0ADRmYMCfHI3HUk9PVA,투자실(권한 주의),1mdGdPhA2V7e6irBMqEK5bfBjKbd6odtO,/투자실(권한 주의)/03. 펀드팀/★04. Type 2/07. 신한 코그니티브 청년창업 투자조합 (신한-코그니티브)/06. 투심보고(해당자)/벤디스_투자심사보고서(청년창업)_180613_v1.1.pdf,2018-06-15T00:25:23.094Z,2018-06-15T00:25:23.094Z
1BCbJUgSdpM8y3YU8JIqYchaMZM0d5gQ3,원이멀스 투심 보고서_20180531.pdf,file,application/pdf,0ADRmYMCfHI3HUk9PVA,투자실(권한 주의),1mdGdPhA2V7e6irBMqEK5bfBjKbd6odtO,/투자실(권한 주의)/03. 펀드팀/★04. Type 2/07. 신한 코그니티브 청년창업 투자조합 (신한-코그니티브)/06. 투심보고(해당자)/원이멀스 투심 보고서_20180531.pdf,2018-06-15T00:25:18.799Z,2018-06-15T00:25:18.799Z
1owObZkiz5A2fGgvksRCMwDZBgtyzXU98,커스텀마인드_본투자심사보고서_180525.pdf,file,application/pdf,0ADRmYMCfHI3HUk9PVA,투자실(권한 주의),1mdGdPhA2V7e6irBMqEK5bfBjKbd6odtO,/투자실(권한 주의)/03. 펀드팀/★04. Type 2/07. 신한 코그니티브 청년창업 투자조합 (신한-코그니티브)/06. 투심보고(해당자)/커스텀마인드_본투자심사보고서_180525.pdf,2018-06-15T00:25:13.628Z,2018-06-15T00:25:13.628Z
0B1mmMQfSKVCUSXI2R3kxR0g0emcxdmRPYmluMFhSOUlnb09r,투심보고서_한국신용데이터_DCAMP.pdf,file,application/pdf,0ADRmYMCfHI3HUk9PVA,투자실(권한 주의),1smZ59uE5_0Mnd0bnmlSt4nJNZazmzFGb,/투자실(권한 주의)/03. 펀드팀/★04. Type 2/05. 카카오 디지털콘텐츠 펀드 (케이큐브벤처스)/06. 투심보고(해당자)/투심보고서_한국신용데이터_DCAMP.pdf,2016-12-01T06:16:01.000Z,2016-12-01T06:28:28.363Z
0B1mmMQfSKVCUWlpDNy1wNjVnU3pkNkxXdEdKWXhSc0FYUGNR,투심보고서_핑거플러스_DCAMP.pdf,file,application/pdf,0ADRmYMCfHI3HUk9PVA,투자실(권한 주의),1smZ59uE5_0Mnd0bnmlSt4nJNZazmzFGb,/투자실(권한 주의)/03. 펀드팀/★04. Type 2/05. 카카오 디지털콘텐츠 펀드 (케이큐브벤처스)/06. 투심보고(해당자)/투심보고서_핑거플러스_DCAMP.pdf,2016-12-01T06:16:01.000Z,2016-12-01T06:27:30.256Z
0B1mmMQfSKVCUMERWbUozX19INTE5UkE5QXcxX0dXUUNWTHNV,투심보고서_Playsnak_DCAMP.pdf,file,application/pdf,0ADRmYMCfHI3HUk9PVA,투자실(권한 주의),1smZ59uE5_0Mnd0bnmlSt4nJNZazmzFGb,/투자실(권한 주의)/03. 펀드팀/★04. Type 2/05. 카카오 디지털콘텐츠 펀드 (케이큐브벤처스)/06. 투심보고(해당자)/투심보고서_Playsnak_DCAMP.pdf,2016-12-01T06:16:01.000Z,2016-12-01T06:26:58.168Z
0B1mmMQfSKVCUMm14OHkzQmJFcmdZWWhZQzdUVHpsTzJ3azhB,투심보고서_Binary VR_DCAMP.pdf,file,application/pdf,0ADRmYMCfHI3HUk9PVA,투자실(권한 주의),1smZ59uE5_0Mnd0bnmlSt4nJNZazmzFGb,/투자실(권한 주의)/03. 펀드팀/★04. Type 2/05. 카카오 디지털콘텐츠 펀드 (케이큐브벤처스)/06. 투심보고(해당자)/투심보고서_Binary VR_DCAMP.pdf,2016-12-01T06:16:01.000Z,2016-12-01T06:26:25.912Z
0B1mmMQfSKVCUZlh5SWIteVktMzdGeG5zTzVtZWhWWlkwMlY0,투심보고서_OING_DCAMP.pdf,file,application/pdf,0ADRmYMCfHI3HUk9PVA,투자실(권한 주의),1smZ59uE5_0Mnd0bnmlSt4nJNZazmzFGb,/투자실(권한 주의)/03. 펀드팀/★04. Type 2/05. 카카오 디지털콘텐츠 펀드 (케이큐브벤처스)/06. 투심보고(해당자)/투심보고서_OING_DCAMP.pdf,2016-12-01T06:16:01.000Z,2016-12-01T06:25:23.672Z
0B1mmMQfSKVCUU2hxUGppelBfUFAyQkNGV1I5R2xMRk1rYkVj,투심보고서_쥬빌리웍스_DCAMP.pdf,file,application/pdf,0ADRmYMCfHI3HUk9PVA,투자실(권한 주의),1smZ59uE5_0Mnd0bnmlSt4nJNZazmzFGb,/투자실(권한 주의)/03. 펀드팀/★04. Type 2/05. 카카오 디지털콘텐츠 펀드 (케이큐브벤처스)/06. 투심보고(해당자)/투심보고서_쥬빌리웍스_DCAMP.pdf,2016-12-01T06:16:01.000Z,2016-12-01T06:24:44.996Z
0Bwcj_TGwo9pldUU0SzRPNWdRRTQ,W컨셉코리아_20160818(심사보고서).hwp,file,application/haansofthwp,0ADRmYMCfHI3HUk9PVA,투자실(권한 주의),0Bwcj_TGwo9plaTVfandWUE9zcUU,/투자실(권한 주의)/03. 펀드팀/★04. Type 2/06. 브랜드케이 청년창조 기술금융 PEF (브랜드케이)/06. 투심보고(해당자)/160818_더블유컨셉코리아_30억/W컨셉코리아_20160818(심사보고서).hwp,2016-08-22T04:41:36.733Z,2016-08-22T04:38:51.000Z
0Bwcj_TGwo9pldVJ2RWtrOHBueDg,투심보고서_닥터키친_DCAMP.pdf,file,application/pdf,0ADRmYMCfHI3HUk9PVA,투자실(권한 주의),1smZ59uE5_0Mnd0bnmlSt4nJNZazmzFGb,/투자실(권한 주의)/03. 펀드팀/★04. Type 2/05. 카카오 디지털콘텐츠 펀드 (케이큐브벤처스)/06. 투심보고(해당자)/투심보고서_닥터키친_DCAMP.pdf,2016-08-22T04:28:03.332Z,2016-08-22T04:26:46.000Z
0Bwcj_TGwo9plTGNSbzBReVg1MUE,160523_투심보고서_엘라엘커머스_dcamp.pdf,file,application/pdf,0ADRmYMCfHI3HUk9PVA,투자실(권한 주의),1smZ59uE5_0Mnd0bnmlSt4nJNZazmzFGb,/투자실(권한 주의)/03. 펀드팀/★04. Type 2/05. 카카오 디지털콘텐츠 펀드 (케이큐브벤처스)/06. 투심보고(해당자)/160523_투심보고서_엘라엘커머스_dcamp.pdf,2016-08-22T04:28:00.802Z,2016-08-22T04:26:46.000Z
0Bwcj_TGwo9plNlg0VGVLUXc2Q0U,투심보고서_캐시트리VITA(캐시트리)_DCAMP.pdf,file,application/pdf,0ADRmYMCfHI3HUk9PVA,투자실(권한 주의),1smZ59uE5_0Mnd0bnmlSt4nJNZazmzFGb,/투자실(권한 주의)/03. 펀드팀/★04. Type 2/05. 카카오 디지털콘텐츠 펀드 (케이큐브벤처스)/06. 투심보고(해당자)/투심보고서_캐시트리VITA(캐시트리)_DCAMP.pdf,2016-08-22T04:27:55.132Z,2016-08-22T04:26:46.000Z
0B7Bj3AjhAcxEblBrc2dwN2x0Y1k,160411_모아이게임즈_투심보고서_DCAMP.pdf,file,application/pdf,0ADRmYMCfHI3HUk9PVA,투자실(권한 주의),1smZ59uE5_0Mnd0bnmlSt4nJNZazmzFGb,/투자실(권한 주의)/03. 펀드팀/★04. Type 2/05. 카카오 디지털콘텐츠 펀드 (케이큐브벤처스)/06. 투심보고(해당자)/160411_모아이게임즈_투심보고서_DCAMP.pdf,2016-06-05T17:38:54.931Z,2016-05-18T08:14:34.000Z
0B7Bj3AjhAcxEUk1rcG9SOVNNZTA,160412_투심보고서_씨웨이브소프트_DCAMP.pdf,file,application/pdf,0ADRmYMCfHI3HUk9PVA,투자실(권한 주의),1smZ59uE5_0Mnd0bnmlSt4nJNZazmzFGb,/투자실(권한 주의)/03. 펀드팀/★04. Type 2/05. 카카오 디지털콘텐츠 펀드 (케이큐브벤처스)/06. 투심보고(해당자)/160412_투심보고서_씨웨이브소프트_DCAMP.pdf,2016-06-05T17:39:05.434Z,2016-05-18T08:14:34.000Z
0B7Bj3AjhAcxETGlTRHc3dlNlQ0k,160226_투심보고서_OBELab_D.Camp.pdf,file,application/pdf,0ADRmYMCfHI3HUk9PVA,투자실(권한 주의),1smZ59uE5_0Mnd0bnmlSt4nJNZazmzFGb,/투자실(권한 주의)/03. 펀드팀/★04. Type 2/05. 카카오 디지털콘텐츠 펀드 (케이큐브벤처스)/06. 투심보고(해당자)/160226_투심보고서_OBELab_D.Camp.pdf,2016-02-29T01:43:45.707Z,2016-02-29T01:43:26.000Z
0B7Bj3AjhAcxEeWpjbzJ3amIxck0,160104_너드게임즈_투심보고서_D.Camp.pdf,file,application/pdf,0ADRmYMCfHI3HUk9PVA,투자실(권한 주의),1smZ59uE5_0Mnd0bnmlSt4nJNZazmzFGb,/투자실(권한 주의)/03. 펀드팀/★04. Type 2/05. 카카오 디지털콘텐츠 펀드 (케이큐브벤처스)/06. 투심보고(해당자)/160104_너드게임즈_투심보고서_D.Camp.pdf,2016-01-15T06:54:07.174Z,2016-01-15T06:53:32.000Z
0B7Bj3AjhAcxEbEgtUlZnSENiaWM,160104_컨버전연구소_투심보고서_D.Camp.pdf,file,application/pdf,0ADRmYMCfHI3HUk9PVA,투자실(권한 주의),1smZ59uE5_0Mnd0bnmlSt4nJNZazmzFGb,/투자실(권한 주의)/03. 펀드팀/★04. Type 2/05. 카카오 디지털콘텐츠 펀드 (케이큐브벤처스)/06. 투심보고(해당자)/160104_컨버전연구소_투심보고서_D.Camp.pdf,2016-01-15T06:54:10.111Z,2016-01-15T06:53:31.000Z
