id,name,type,mimeType,driveId,driveName,parent_id,full_path,createdTime
13foN9coNQWLr9IG_cLeobvtWoGyD9zvjsmiNIhN0RLE,펀드팀 업무분장_202505~,file,application/vnd.google-apps.spreadsheet,0ADRmYMCfHI3HUk9PVA,투자실(권한 주의),14oeRGK67wsMT3CYTqjYTuxxkroOjV_Nk,/투자실(권한 주의)/03. 펀드팀/★01. 운영 관리/업무 관리/펀드팀 업무분장_202505~,2025-05-22T01:17:10.711Z
1D_2HQZE0VpSrGf6kWkF-llpPUFF6Q5fu,(260128) 은행권청년창업재단 위탁투자기업 이수관 완료 및 후속 처리 협조 요청(안)_디캠프초안.hwp,file,application/haansofthwp,0ADRmYMCfHI3HUk9PVA,투자실(권한 주의),1yRwVmw1TIIW7ZyRnJP9ZAUrq8YxNKbrL,/투자실(권한 주의)/01. 투자전략팀/03. 신규 기획 및 운영/2025/13. 위탁투자 이관/6. 이수관완료공문초안(기술보증기금-디캠프)/(260128) 은행권청년창업재단 위탁투자기업 이수관 완료 및 후속 처리 협조 요청(안)_디캠프초안.hwp,2026-01-28T07:16:03.948Z
1CxIziaaht9w8GhdulnR_jLi72uFR33wnT_8WyO4KRSM,[간투] 출자검토 현황_펀드팀용,file,application/vnd.google-apps.spreadsheet,0ADRmYMCfHI3HUk9PVA,투자실(권한 주의),1DG_cjQIyxjSu-EWiqb-DXxA_afqMKZL0,/투자실(권한 주의)/03. 펀드팀/★02. 출자 관리 및 검토/02. 검토/[간투] 출자검토 현황_펀드팀용,2024-08-26T10:17:27.558Z
1yRwVmw1TIIW7ZyRnJP9ZAUrq8YxNKbrL,6. 이수관완료공문초안(기술보증기금-디캠프),folder,application/vnd.google-apps.folder,0ADRmYMCfHI3HUk9PVA,투자실(권한 주의),1gEZf83_dKo6m2CZf_-WRPhyfZ1Ld4owS,/투자실(권한 주의)/01. 투자전략팀/03. 신규 기획 및 운영/2025/13. 위탁투자 이관/6. 이수관완료공문초안(기술보증기금-디캠프),2026-01-28T07:14:26.447Z
1tf8N_pKvF4YsX_XPkAmG6BYHmYwBY1k9,"5. 공문최종(신용보증기금, 기술보증기금-디캠프)",folder,application/vnd.google-apps.folder,0ADRmYMCfHI3HUk9PVA,투자실(권한 주의),1gEZf83_dKo6m2CZf_-WRPhyfZ1Ld4owS,"/투자실(권한 주의)/01. 투자전략팀/03. 신규 기획 및 운영/2025/13. 위탁투자 이관/5. 공문최종(신용보증기금, 기술보증기금-디캠프)",2025-11-04T08:06:23.386Z
1Dfngb99oyBh01VAzTn9doIMirv8WO2vM,4. 공문수정(기술보증기금&신용보증기금- 디캠프),folder,application/vnd.google-apps.folder,0ADRmYMCfHI3HUk9PVA,투자실(권한 주의),1gEZf83_dKo6m2CZf_-WRPhyfZ1Ld4owS,/투자실(권한 주의)/01. 투자전략팀/03. 신규 기획 및 운영/2025/13. 위탁투자 이관/4. 공문수정(기술보증기금&신용보증기금- 디캠프),2025-10-14T01:48:28.916Z
16_UOB4hpV0pZ-gVN92ZvEXAn1wCak_r9,3. 위탁투자기업_투자심사위원회 결과 등 스캔자료,folder,application/vnd.google-apps.folder,0ADRmYMCfHI3HUk9PVA,투자실(권한 주의),1gEZf83_dKo6m2CZf_-WRPhyfZ1Ld4owS,/투자실(권한 주의)/01. 투자전략팀/03. 신규 기획 및 운영/2025/13. 위탁투자 이관/3. 위탁투자기업_투자심사위원회 결과 등 스캔자료,2025-11-19T00:02:28.384Z
1t6Et28EtOl-Kk1KrNi1zpdwguN3ZXrC4,2. 공문초안(디캠프->기술보증기금),folder,application/vnd.google-apps.folder,0ADRmYMCfHI3HUk9PVA,투자실(권한 주의),1gEZf83_dKo6m2CZf_-WRPhyfZ1Ld4owS,/투자실(권한 주의)/01. 투자전략팀/03. 신규 기획 및 운영/2025/13. 위탁투자 이관/2. 공문초안(디캠프->기술보증기금),2025-09-22T02:37:32.484Z
1ZJdEwbVaBOKePk1NU8Xy-ZNTofIhJ4ik,"1. 재무정보 일치 확인(수수료납입, 통장잔액)",folder,application/vnd.google-apps.folder,0ADRmYMCfHI3HUk9PVA,투자실(권한 주의),1gEZf83_dKo6m2CZf_-WRPhyfZ1Ld4owS,"/투자실(권한 주의)/01. 투자전략팀/03. 신규 기획 및 운영/2025/13. 위탁투자 이관/1. 재무정보 일치 확인(수수료납입, 통장잔액)",2025-09-03T00:42:39.653Z
1AlADAvWT-QWP7hELloy32KJM_xg9QosH,재단연관기업 및 배치팀 리스트.xlsx,file,application/vnd.openxmlformats-officedocument.spreadsheetml.sheet,0ADRmYMCfHI3HUk9PVA,투자실(권한 주의),1X8-36VSyQBga_D1qUEpGB95TY99s924P,/투자실(권한 주의)/03. 펀드팀/09. 기타/재단연관기업 및 배치팀 리스트.xlsx,2025-12-15T12:34:51.515Z
1-cP-jumbKzwhO3onGBrI7mUWdWwUzd5e39hdTdIo5Ec,25년 반기 기준 사후관리등급(최종)_재무팀 공유용,file,application/vnd.google-apps.spreadsheet,0ADRmYMCfHI3HUk9PVA,투자실(권한 주의),1CGX-dKRa2XGxJ7hzfZBeew6aejUnZr85,/투자실(권한 주의)/01. 투자전략팀/08. 영업보고서(반기별)&회계감사자료(매년 1월)/05. 25년 반기 영업보고서(25년 06월말 기준)_25.09 요청/25년 반기 기준 사후관리등급(최종)_재무팀 공유용,2025-11-07T07:42:08.951Z
1DHjqS3ETlmAgTZQNIFcpGrDVaGB7tnMIoMklHrHBy8A,[지클로]산업분석,file,application/vnd.google-apps.document,0ADRmYMCfHI3HUk9PVA,투자실(권한 주의),1dKHWN99teKIYoET6ftepIWOsnQvUxsq2,/투자실(권한 주의)/02. 투자팀/13. 직투팀 인턴/16기 김진하/공부/리서치/[지클로]산업분석,2026-01-26T09:01:02.601Z
1Tx7EiFUyWS-ygsscjRuMA0e5dbwUW8cK,2601_간접투자시뮬레이션_템플릿_재무팀(업데이트 중).xlsx,file,application/vnd.openxmlformats-officedocument.spreadsheetml.sheet,0ADRmYMCfHI3HUk9PVA,투자실(권한 주의),1EMBhYapUOjM-Xk6Yu0WbxU0g7SyNaAWU,"/투자실(권한 주의)/03. 펀드팀/★02. 출자 관리 및 검토/01. 출자 및 배분 예상/10개년 출자, 배분 재무 시뮬레이션/260116/2601_간접투자시뮬레이션_템플릿_재무팀(업데이트 중).xlsx",2026-01-27T04:18:53.889Z
1wanKmWVwYs7c2pbFpkA12ta9gX3FliKkinf5DMZJ4uE,컨텐츠/소비재>패션/뷰티>스킨케어(진행중),file,application/vnd.google-apps.document,0ADRmYMCfHI3HUk9PVA,투자실(권한 주의),1dKHWN99teKIYoET6ftepIWOsnQvUxsq2,/투자실(권한 주의)/02. 투자팀/13. 직투팀 인턴/16기 김진하/공부/리서치/컨텐츠/소비재>패션/뷰티>스킨케어(진행중),2026-01-19T08:21:07.385Z
1vNKUdU1zesitsSlumYWEbYc-jSXMHGPw,Application from to apply for special provision for foreigb member of investment limited partnership.pdf,file,application/pdf,0ADRmYMCfHI3HUk9PVA,투자실(권한 주의),1hlsUPrQKqxL065KLPUDxw_h38HbGA7-Z,/투자실(권한 주의)/03. 펀드팀/★04. Type 2/63. DGDV FUND Ⅲ (DG Daiwa Ventures)/07. 기타/Application from to apply for special provision for foreigb member of investment limited partnership.pdf,2026-01-28T05:43:18.802Z
1gIrpvZjcno_8f-d5PwMnHFcdvLM8Ldiv,입증서류 1.pdf,file,application/pdf,0ADRmYMCfHI3HUk9PVA,투자실(권한 주의),1nrC8pwT0QF_ufjyeTQTzcjycKQjiLpwV,/투자실(권한 주의)/03. 펀드팀/★04. Type 2/33. 패스트 2022 Seed 투자조합 (패스트벤처스)/07. 기타/에픽코퍼레이션 이슈/입증서류 1.pdf,2026-01-28T05:42:00.845Z
1smPE73NlK5flQrmyWKyg90yYjpnabs-U,[패스트벤처스] 에픽 이슈 및 대응계획 관련 공문 (20260128).pdf,file,application/pdf,0ADRmYMCfHI3HUk9PVA,투자실(권한 주의),1nrC8pwT0QF_ufjyeTQTzcjycKQjiLpwV,/투자실(권한 주의)/03. 펀드팀/★04. Type 2/33. 패스트 2022 Seed 투자조합 (패스트벤처스)/07. 기타/에픽코퍼레이션 이슈/[패스트벤처스] 에픽 이슈 및 대응계획 관련 공문 (20260128).pdf,2026-01-28T05:40:55.958Z
1m5NeTCjB4cMpuODe63ypKi5SMnDSXPfn,dcamp 메일 - [패스트 2022 Seed 투자조합] 투자업체였던 에픽코퍼레이션 관련 이슈 보고.pdf,file,application/pdf,0ADRmYMCfHI3HUk9PVA,투자실(권한 주의),1nrC8pwT0QF_ufjyeTQTzcjycKQjiLpwV,/투자실(권한 주의)/03. 펀드팀/★04. Type 2/33. 패스트 2022 Seed 투자조합 (패스트벤처스)/07. 기타/에픽코퍼레이션 이슈/dcamp 메일 - [패스트 2022 Seed 투자조합] 투자업체였던 에픽코퍼레이션 관련 이슈 보고.pdf,2026-01-28T05:40:38.149Z
1dKHWN99teKIYoET6ftepIWOsnQvUxsq2,리서치,folder,application/vnd.google-apps.folder,0ADRmYMCfHI3HUk9PVA,투자실(권한 주의),106vJ-UOjdbueoDmvvjtRCbyRoWu82aNA,/투자실(권한 주의)/02. 투자팀/13. 직투팀 인턴/16기 김진하/공부/리서치,2026-01-28T05:37:16.281Z
1IYh4q8FUCkhrXU2EyAbkYKiF2eLig-qdgrJDW_-po-Y,미비서류 추출 툴,file,application/vnd.google-apps.spreadsheet,0ADRmYMCfHI3HUk9PVA,투자실(권한 주의),1HVAt7STkr8yL1lsVRgAOkiSDafPNIReL,/투자실(권한 주의)/02. 투자팀/13. 직투팀 인턴/16기 김진하/미비서류 추출 툴,2026-01-08T01:12:46.096Z
18EJDQStELmzVa6G02u48mw_G9C9Y0hny,제출서류 리스트 및 투자금사용내역확인서(내부 관리용).xlsx,file,application/vnd.openxmlformats-officedocument.spreadsheetml.sheet,0ADRmYMCfHI3HUk9PVA,투자실(권한 주의),1O2Fj2YEY3v3Es3yBo8ROCyp815ERVAe5,/투자실(권한 주의)/02. 투자팀/02. 투자_단계별/제출서류 리스트 및 투자금사용내역확인서(내부 관리용).xlsx,2021-08-12T05:32:15.255Z
1BsScQ-8y5QbDIvvKklpQOY6630XfKdp7HI_WkGtUWE8,2026년 2차(2월) 투자심사위원회(투자분과)_개최(안),file,application/vnd.google-apps.document,,My Drive,,/My Drive/2026년 2차(2월) 투자심사위원회(투자분과)_개최(안),2026-01-27T23:55:48.914Z
1HQCEDJoLV6hRTD4QMgBwcV3j_ismZzJ7,IV.2. 주식인수증_엔츠(날인없음).pdf,file,application/pdf,0ADRmYMCfHI3HUk9PVA,투자실(권한 주의),1eebBA0N3a3bfwekwBqH6i6RKGM-igiad,/투자실(권한 주의)/02. 투자팀/02. 투자_단계별/03. 투자완료(재원별)/01. D.ANGEL (디데이 투자 프로그램)/567. 엔츠_투자/01. 투자서류/IV.2. 주식인수증_엔츠(날인없음).pdf,2025-11-07T04:52:04.309Z
1MqPNXr31Gffq-p3HLjMJwqWaLHbjRLkT,IV.1. 주권미발행확인서_엔츠(날인없음).pdf,file,application/pdf,0ADRmYMCfHI3HUk9PVA,투자실(권한 주의),1eebBA0N3a3bfwekwBqH6i6RKGM-igiad,/투자실(권한 주의)/02. 투자팀/02. 투자_단계별/03. 투자완료(재원별)/01. D.ANGEL (디데이 투자 프로그램)/567. 엔츠_투자/01. 투자서류/IV.1. 주권미발행확인서_엔츠(날인없음).pdf,2025-11-07T04:52:03.962Z
1XUK4b8O-XfTnr-QcakvYD15hAiAcGKtr,I.17. 주요 임직원 급여 현황.xlsx,file,application/vnd.openxmlformats-officedocument.spreadsheetml.sheet,0ADRmYMCfHI3HUk9PVA,투자실(권한 주의),1ANHOTYi5xfKbF4n-srI3xKiTEfnFi7kp,/투자실(권한 주의)/02. 투자팀/02. 투자_단계별/03. 투자완료(재원별)/01. D.ANGEL (디데이 투자 프로그램)/570. 고이장례연구소_투자/01. 투자서류/I.17. 주요 임직원 급여 현황.xlsx,2026-01-07T08:25:46.741Z
152TwP82qIr-nv9vtFyVl_WWU32soVI0L,I.10. 주식매수선택권(스톡옵션) 발행 리스트.xlsx,file,application/vnd.openxmlformats-officedocument.spreadsheetml.sheet,0ADRmYMCfHI3HUk9PVA,투자실(권한 주의),1ANHOTYi5xfKbF4n-srI3xKiTEfnFi7kp,/투자실(권한 주의)/02. 투자팀/02. 투자_단계별/03. 투자완료(재원별)/01. D.ANGEL (디데이 투자 프로그램)/570. 고이장례연구소_투자/01. 투자서류/I.10. 주식매수선택권(스톡옵션) 발행 리스트.xlsx,2026-01-07T08:25:46.821Z
12k-ocZkWFOBtGqqxemQNrCYR9cHmWD0I,I.9. cap table(이전 투자 내역 포함).xlsx,file,application/vnd.openxmlformats-officedocument.spreadsheetml.sheet,0ADRmYMCfHI3HUk9PVA,투자실(권한 주의),1ANHOTYi5xfKbF4n-srI3xKiTEfnFi7kp,/투자실(권한 주의)/02. 투자팀/02. 투자_단계별/03. 투자완료(재원별)/01. D.ANGEL (디데이 투자 프로그램)/570. 고이장례연구소_투자/01. 투자서류/I.9. cap table(이전 투자 내역 포함).xlsx,2026-01-07T08:25:46.741Z
1ily1Du_GCfizcUsqnymtyGlRZElWkSQK,I.2. 회사 일반현황.xlsx,file,application/vnd.openxmlformats-officedocument.spreadsheetml.sheet,0ADRmYMCfHI3HUk9PVA,투자실(권한 주의),1ANHOTYi5xfKbF4n-srI3xKiTEfnFi7kp,/투자실(권한 주의)/02. 투자팀/02. 투자_단계별/03. 투자완료(재원별)/01. D.ANGEL (디데이 투자 프로그램)/570. 고이장례연구소_투자/01. 투자서류/I.2. 회사 일반현황.xlsx,2026-01-07T08:25:50.205Z
1xedenTQV4Ywu4kDEPrdP3R9aNZ6GVQ3q,IV.2. 사업자등록증_고이장례연구소,file,application/pdf,0ADRmYMCfHI3HUk9PVA,투자실(권한 주의),1ANHOTYi5xfKbF4n-srI3xKiTEfnFi7kp,/투자실(권한 주의)/02. 투자팀/02. 투자_단계별/03. 투자완료(재원별)/01. D.ANGEL (디데이 투자 프로그램)/570. 고이장례연구소_투자/01. 투자서류/IV.2. 사업자등록증_고이장례연구소,2026-01-07T08:25:56.266Z
1iHdMytx2Mh1B1_dDZTMNOpAyOWVs2poL,IV.4. 주주명부_고이장례연구소_20250930.pdf,file,application/pdf,0ADRmYMCfHI3HUk9PVA,투자실(권한 주의),1ANHOTYi5xfKbF4n-srI3xKiTEfnFi7kp,/투자실(권한 주의)/02. 투자팀/02. 투자_단계별/03. 투자완료(재원별)/01. D.ANGEL (디데이 투자 프로그램)/570. 고이장례연구소_투자/01. 투자서류/IV.4. 주주명부_고이장례연구소_20250930.pdf,2026-01-07T08:25:55.438Z
1nWtYZDnf52Rhyovu707fzonLA7y83LrL,I.12. 차입금 세부현황.xlsx,file,application/vnd.openxmlformats-officedocument.spreadsheetml.sheet,0ADRmYMCfHI3HUk9PVA,투자실(권한 주의),1ANHOTYi5xfKbF4n-srI3xKiTEfnFi7kp,/투자실(권한 주의)/02. 투자팀/02. 투자_단계별/03. 투자완료(재원별)/01. D.ANGEL (디데이 투자 프로그램)/570. 고이장례연구소_투자/01. 투자서류/I.12. 차입금 세부현황.xlsx,2026-01-07T08:25:46.742Z
1dcxkVO6bxajGzRAA_LtorkmqcTvG6TcM,I.7. 금번 라운드 투자 유치 목표 금액 및 투자금 사용용도.docx,file,application/haansoftdocx,0ADRmYMCfHI3HUk9PVA,투자실(권한 주의),1ANHOTYi5xfKbF4n-srI3xKiTEfnFi7kp,/투자실(권한 주의)/02. 투자팀/02. 투자_단계별/03. 투자완료(재원별)/01. D.ANGEL (디데이 투자 프로그램)/570. 고이장례연구소_투자/01. 투자서류/I.7. 금번 라운드 투자 유치 목표 금액 및 투자금 사용용도.docx,2026-01-07T08:25:53.669Z
1k9Zj0nzGqen9qf6SEWY1tLliHDKDL7MB,II.3. 납세증명서_지방세_고이장례연구소,file,application/pdf,0ADRmYMCfHI3HUk9PVA,투자실(권한 주의),1ANHOTYi5xfKbF4n-srI3xKiTEfnFi7kp,/투자실(권한 주의)/02. 투자팀/02. 투자_단계별/03. 투자완료(재원별)/01. D.ANGEL (디데이 투자 프로그램)/570. 고이장례연구소_투자/01. 투자서류/II.3. 납세증명서_지방세_고이장례연구소,2026-01-07T08:25:47.962Z
14lepJefeAeZjpB9OPtWNw17xvTony9go,II.3. 납세증명서_국세_고이장례연구소,file,application/pdf,0ADRmYMCfHI3HUk9PVA,투자실(권한 주의),1ANHOTYi5xfKbF4n-srI3xKiTEfnFi7kp,/투자실(권한 주의)/02. 투자팀/02. 투자_단계별/03. 투자완료(재원별)/01. D.ANGEL (디데이 투자 프로그램)/570. 고이장례연구소_투자/01. 투자서류/II.3. 납세증명서_국세_고이장례연구소,2026-01-07T08:25:47.375Z
19gxMERSBG1BHmjL4GN1j7IUDHEYU_n1g,IV.3. 정관_고이장례연구소_250108.pdf,file,application/pdf,0ADRmYMCfHI3HUk9PVA,투자실(권한 주의),1ANHOTYi5xfKbF4n-srI3xKiTEfnFi7kp,/투자실(권한 주의)/02. 투자팀/02. 투자_단계별/03. 투자완료(재원별)/01. D.ANGEL (디데이 투자 프로그램)/570. 고이장례연구소_투자/01. 투자서류/IV.3. 정관_고이장례연구소_250108.pdf,2026-01-07T08:25:55.796Z
1V_dm1OFafl4fNokOIC1HYcNe7ymfxyr2,II.2. 법인등기사항전부증명서_고이장례연구소,file,application/pdf,0ADRmYMCfHI3HUk9PVA,투자실(권한 주의),1ANHOTYi5xfKbF4n-srI3xKiTEfnFi7kp,/투자실(권한 주의)/02. 투자팀/02. 투자_단계별/03. 투자완료(재원별)/01. D.ANGEL (디데이 투자 프로그램)/570. 고이장례연구소_투자/01. 투자서류/II.2. 법인등기사항전부증명서_고이장례연구소,2026-01-07T08:26:58.242Z
1WBIAOvTCrpXUTggt2XCuzd2EJyeNPHQ6,III.2. 주식금액납입계좌_고이장례연구소,file,application/pdf,0ADRmYMCfHI3HUk9PVA,투자실(권한 주의),1ANHOTYi5xfKbF4n-srI3xKiTEfnFi7kp,/투자실(권한 주의)/02. 투자팀/02. 투자_단계별/03. 투자완료(재원별)/01. D.ANGEL (디데이 투자 프로그램)/570. 고이장례연구소_투자/01. 투자서류/III.2. 주식금액납입계좌_고이장례연구소,2026-01-07T08:25:47.466Z
1Y_0EQyuFtJPI3Lyb-j5TQ4WnKOlKU5lT,VI.1. 납입후 주주명부_고이장례연구소,file,application/pdf,0ADRmYMCfHI3HUk9PVA,투자실(권한 주의),1ANHOTYi5xfKbF4n-srI3xKiTEfnFi7kp,/투자실(권한 주의)/02. 투자팀/02. 투자_단계별/03. 투자완료(재원별)/01. D.ANGEL (디데이 투자 프로그램)/570. 고이장례연구소_투자/01. 투자서류/VI.1. 납입후 주주명부_고이장례연구소,2026-01-07T08:25:49.685Z
1DuXNUR-Cai8hiFOgxf5QhzTqM3rX80tb,VI.2. 납입후 법인등기사항전부증명서_고이장례연구소,file,application/pdf,0ADRmYMCfHI3HUk9PVA,투자실(권한 주의),1ANHOTYi5xfKbF4n-srI3xKiTEfnFi7kp,/투자실(권한 주의)/02. 투자팀/02. 투자_단계별/03. 투자완료(재원별)/01. D.ANGEL (디데이 투자 프로그램)/570. 고이장례연구소_투자/01. 투자서류/VI.2. 납입후 법인등기사항전부증명서_고이장례연구소,2026-01-07T08:27:04.661Z
17CALcN75KYCUd16300hPIbAcPvxKbVjM,IV.1. 투자계약서_고이장례연구소,file,application/pdf,0ADRmYMCfHI3HUk9PVA,투자실(권한 주의),1ANHOTYi5xfKbF4n-srI3xKiTEfnFi7kp,/투자실(권한 주의)/02. 투자팀/02. 투자_단계별/03. 투자완료(재원별)/01. D.ANGEL (디데이 투자 프로그램)/570. 고이장례연구소_투자/01. 투자서류/IV.1. 투자계약서_고이장례연구소,2026-01-07T08:27:33.113Z
19ZwKBZs34OR4dCJpRJqeC6qq55GQM1mU,V.2. 주식인수증_고이장례연구소,file,application/pdf,0ADRmYMCfHI3HUk9PVA,투자실(권한 주의),1ANHOTYi5xfKbF4n-srI3xKiTEfnFi7kp,/투자실(권한 주의)/02. 투자팀/02. 투자_단계별/03. 투자완료(재원별)/01. D.ANGEL (디데이 투자 프로그램)/570. 고이장례연구소_투자/01. 투자서류/V.2. 주식인수증_고이장례연구소,2026-01-07T08:25:49.943Z
1gH4MApEWAWv94yUvUTHRxcYxh35WtA6P,IV.6. 신주식청약서_고이장례연구소,file,application/pdf,0ADRmYMCfHI3HUk9PVA,투자실(권한 주의),1ANHOTYi5xfKbF4n-srI3xKiTEfnFi7kp,/투자실(권한 주의)/02. 투자팀/02. 투자_단계별/03. 투자완료(재원별)/01. D.ANGEL (디데이 투자 프로그램)/570. 고이장례연구소_투자/01. 투자서류/IV.6. 신주식청약서_고이장례연구소,2026-01-07T08:25:48.397Z
1bZKaDreWZZdpbosoPiv1mikXmnj-zIE8,II.1. 대표자 주민등록 등본_고이장례연구소,file,application/pdf,0ADRmYMCfHI3HUk9PVA,투자실(권한 주의),1ANHOTYi5xfKbF4n-srI3xKiTEfnFi7kp,/투자실(권한 주의)/02. 투자팀/02. 투자_단계별/03. 투자완료(재원별)/01. D.ANGEL (디데이 투자 프로그램)/570. 고이장례연구소_투자/01. 투자서류/II.1. 대표자 주민등록 등본_고이장례연구소,2026-01-07T08:25:47.469Z
1fB0wlBQAdv567XAOmx1f6wWNBOxIDF-h,III.1. 이사회의사록_고이장례연구소.pdf,file,application/pdf,0ADRmYMCfHI3HUk9PVA,투자실(권한 주의),1ANHOTYi5xfKbF4n-srI3xKiTEfnFi7kp,/투자실(권한 주의)/02. 투자팀/02. 투자_단계별/03. 투자완료(재원별)/01. D.ANGEL (디데이 투자 프로그램)/570. 고이장례연구소_투자/01. 투자서류/III.1. 이사회의사록_고이장례연구소.pdf,2026-01-07T08:25:56.589Z
1Ft4O6DYPDwizVM8mhDfOKu2BTTi9LhQp,IV.5. 이해관계인 인감증명서.pdf,file,application/pdf,0ADRmYMCfHI3HUk9PVA,투자실(권한 주의),1ANHOTYi5xfKbF4n-srI3xKiTEfnFi7kp,/투자실(권한 주의)/02. 투자팀/02. 투자_단계별/03. 투자완료(재원별)/01. D.ANGEL (디데이 투자 프로그램)/570. 고이장례연구소_투자/01. 투자서류/IV.5. 이해관계인 인감증명서.pdf,2026-01-07T08:26:08.594Z
1aF_QRjy7KIRHDkBuHEwwTEZbjF2draET,IV.5. 법인인감증명서.pdf,file,application/pdf,0ADRmYMCfHI3HUk9PVA,투자실(권한 주의),1ANHOTYi5xfKbF4n-srI3xKiTEfnFi7kp,/투자실(권한 주의)/02. 투자팀/02. 투자_단계별/03. 투자완료(재원별)/01. D.ANGEL (디데이 투자 프로그램)/570. 고이장례연구소_투자/01. 투자서류/IV.5. 법인인감증명서.pdf,2026-01-07T08:25:48.135Z
1WdS74j_KABz1E72niToZLxpwmEV-HmT6,V.1. 주권미발행확인서,file,application/pdf,0ADRmYMCfHI3HUk9PVA,투자실(권한 주의),1ANHOTYi5xfKbF4n-srI3xKiTEfnFi7kp,/투자실(권한 주의)/02. 투자팀/02. 투자_단계별/03. 투자완료(재원별)/01. D.ANGEL (디데이 투자 프로그램)/570. 고이장례연구소_투자/01. 투자서류/V.1. 주권미발행확인서,2026-01-07T08:25:47.989Z
17lmtMY_dtTcVA0FFcLzXcGV1LprYb1oY,I.13. 이전 투자계약서_고이장례연구소,folder,application/vnd.google-apps.folder,0ADRmYMCfHI3HUk9PVA,투자실(권한 주의),1ANHOTYi5xfKbF4n-srI3xKiTEfnFi7kp,/투자실(권한 주의)/02. 투자팀/02. 투자_단계별/03. 투자완료(재원별)/01. D.ANGEL (디데이 투자 프로그램)/570. 고이장례연구소_투자/01. 투자서류/I.13. 이전 투자계약서_고이장례연구소,2026-01-07T08:25:45.739Z
1lleWkuT2vb_HskipwfoNhGtf0ax08Z8w,I.11. 재무제표 및 부속명세서_고이장례연구소,folder,application/vnd.google-apps.folder,0ADRmYMCfHI3HUk9PVA,투자실(권한 주의),1ANHOTYi5xfKbF4n-srI3xKiTEfnFi7kp,/투자실(권한 주의)/02. 투자팀/02. 투자_단계별/03. 투자완료(재원별)/01. D.ANGEL (디데이 투자 프로그램)/570. 고이장례연구소_투자/01. 투자서류/I.11. 재무제표 및 부속명세서_고이장례연구소,2026-01-07T08:25:45.748Z
15b8gOP5NGqCNIV9BpgqvyHvoBI573R9q,I.1. 사업계획서_고이장례연구소,file,application/pdf,0ADRmYMCfHI3HUk9PVA,투자실(권한 주의),1ANHOTYi5xfKbF4n-srI3xKiTEfnFi7kp,/투자실(권한 주의)/02. 투자팀/02. 투자_단계별/03. 투자완료(재원별)/01. D.ANGEL (디데이 투자 프로그램)/570. 고이장례연구소_투자/01. 투자서류/I.1. 사업계획서_고이장례연구소,2026-01-07T08:26:54.849Z
1h_bz26I9UxGwxRl05JtHbwzqbKcku-at,날인 후 서류,folder,application/vnd.google-apps.folder,0ADRmYMCfHI3HUk9PVA,투자실(권한 주의),1qF-uwNpKM6XRwO-pBDt9_ipdBD717rTE,/투자실(권한 주의)/02. 투자팀/02. 투자_단계별/03. 투자완료(재원별)/01. D.ANGEL (디데이 투자 프로그램)/517. 시그니처레이블_투자/02. 사후관리/01. 정기 및 임시 주주총회 (기타 동의 포함)/260127_임시주주총회(제3자배정유상증자)/날인 후 서류,2026-01-28T02:27:41.204Z
1J641kqMUrWC3vHzr_-l9rmxFH2ws46SW,III.2. 주식금액납입계좌_카드몬스터,file,application/pdf,0ADRmYMCfHI3HUk9PVA,투자실(권한 주의),1zRurowbNexw6nz7LuiTzedQvK16kC1WH,/투자실(권한 주의)/02. 투자팀/02. 투자_단계별/03. 투자완료(재원별)/01. D.ANGEL (디데이 투자 프로그램)/569. 카드몬스터_투자/01. 투자서류/III.2. 주식금액납입계좌_카드몬스터,2025-12-08T07:20:47.329Z
1rzv3ezNf2HuOeM6XJyfgrokupnNh-TlF,1. 서면에 의한 의결권 행사서_260127.pdf,file,application/pdf,0ADRmYMCfHI3HUk9PVA,투자실(권한 주의),1h_bz26I9UxGwxRl05JtHbwzqbKcku-at,/투자실(권한 주의)/02. 투자팀/02. 투자_단계별/03. 투자완료(재원별)/01. D.ANGEL (디데이 투자 프로그램)/517. 시그니처레이블_투자/02. 사후관리/01. 정기 및 임시 주주총회 (기타 동의 포함)/260127_임시주주총회(제3자배정유상증자)/날인 후 서류/1. 서면에 의한 의결권 행사서_260127.pdf,2026-01-28T02:27:59.012Z
1xaJvS2AKmWwYEiRiQqFe3glKo7WAztNhy0_r7JuJ7Bk,(내부용) 월간 브리프_2월의 사본,file,application/vnd.google-apps.spreadsheet,,My Drive,1M4r3w8JDalEzcd0CEKqSqvUJkn-8NNH9,/My Drive/투자전략인턴/(내부용) 월간 브리프_2월의 사본,2026-01-21T01:24:21.657Z
1_ZHMDxoLNi7yaaBlIKznPBp84nDSz_Li,I.10. 엔츠_스톡옵션명부_2025-08-20.pdf,file,application/pdf,0ADRmYMCfHI3HUk9PVA,투자실(권한 주의),1MM74ckUP3agYzjZ4EpsclLa4Iz_FhUZu,/투자실(권한 주의)/02. 투자팀/02. 투자_단계별/03. 투자완료(재원별)/01. D.ANGEL (디데이 투자 프로그램)/567. 엔츠_투자/00. 검토자료/I.10. 엔츠_스톡옵션명부_2025-08-20.pdf,2026-01-28T01:34:53.249Z
154-60Nb5Lo85l_O8Qn_5zqoZQYxIw22H,I.11. 재무제표_엔츠_20250630.pdf,file,application/pdf,0ADRmYMCfHI3HUk9PVA,투자실(권한 주의),1MM74ckUP3agYzjZ4EpsclLa4Iz_FhUZu,/투자실(권한 주의)/02. 투자팀/02. 투자_단계별/03. 투자완료(재원별)/01. D.ANGEL (디데이 투자 프로그램)/567. 엔츠_투자/00. 검토자료/I.11. 재무제표_엔츠_20250630.pdf,2026-01-28T01:34:53.908Z
1LOdl4Cmkyl_8wnHHov3l904dJIhm7yXa,II.2. 법인등기사항전부증명서_엔츠_250812.pdf,file,application/pdf,0ADRmYMCfHI3HUk9PVA,투자실(권한 주의),1MM74ckUP3agYzjZ4EpsclLa4Iz_FhUZu,/투자실(권한 주의)/02. 투자팀/02. 투자_단계별/03. 투자완료(재원별)/01. D.ANGEL (디데이 투자 프로그램)/567. 엔츠_투자/00. 검토자료/II.2. 법인등기사항전부증명서_엔츠_250812.pdf,2026-01-28T01:34:53.408Z
16j_kZH00s5i07ZBgALzwvqTGxtlzM0Sz,주요 임직원 이력서,folder,application/vnd.google-apps.folder,0ADRmYMCfHI3HUk9PVA,투자실(권한 주의),1xI_2HKsaJqBIUk-rB4bqMNsOzTwiM74A,/투자실(권한 주의)/02. 투자팀/02. 투자_단계별/03. 투자완료(재원별)/01. D.ANGEL (디데이 투자 프로그램)/567. 엔츠_투자/00. 검토자료/엔츠-디캠프 투자검토 필요서류 회신/엔츠-디캠프 투자검토 필요서류 회신/주요 임직원 이력서,2026-01-28T01:34:54.798Z
1L7q31aP1UCPSViYB3rXU-AeX1HkOF-Yr,이전 투자 계약서,folder,application/vnd.google-apps.folder,0ADRmYMCfHI3HUk9PVA,투자실(권한 주의),1xI_2HKsaJqBIUk-rB4bqMNsOzTwiM74A,/투자실(권한 주의)/02. 투자팀/02. 투자_단계별/03. 투자완료(재원별)/01. D.ANGEL (디데이 투자 프로그램)/567. 엔츠_투자/00. 검토자료/엔츠-디캠프 투자검토 필요서류 회신/엔츠-디캠프 투자검토 필요서류 회신/이전 투자 계약서,2026-01-28T01:34:54.710Z
1xI_2HKsaJqBIUk-rB4bqMNsOzTwiM74A,엔츠-디캠프 투자검토 필요서류 회신,folder,application/vnd.google-apps.folder,0ADRmYMCfHI3HUk9PVA,투자실(권한 주의),1qXG5YrCYjcfaqixR_BRavnHtJDjEclu9,/투자실(권한 주의)/02. 투자팀/02. 투자_단계별/03. 투자완료(재원별)/01. D.ANGEL (디데이 투자 프로그램)/567. 엔츠_투자/00. 검토자료/엔츠-디캠프 투자검토 필요서류 회신/엔츠-디캠프 투자검토 필요서류 회신,2026-01-28T01:34:53.288Z
1qXG5YrCYjcfaqixR_BRavnHtJDjEclu9,엔츠-디캠프 투자검토 필요서류 회신,folder,application/vnd.google-apps.folder,0ADRmYMCfHI3HUk9PVA,투자실(권한 주의),1MM74ckUP3agYzjZ4EpsclLa4Iz_FhUZu,/투자실(권한 주의)/02. 투자팀/02. 투자_단계별/03. 투자완료(재원별)/01. D.ANGEL (디데이 투자 프로그램)/567. 엔츠_투자/00. 검토자료/엔츠-디캠프 투자검토 필요서류 회신,2026-01-28T01:34:52.154Z
1dd6AS14-y7zygLmiq795l3PomQ4ymLbc,01. 임시 및 정기 주주총회 (기타동의 포함),folder,application/vnd.google-apps.folder,0ADRmYMCfHI3HUk9PVA,투자실(권한 주의),1nb5siNynX3mnHDORJ_NXDSkEt-LA6Psu,/투자실(권한 주의)/02. 투자팀/02. 투자_단계별/03. 투자완료(재원별)/01. D.ANGEL (디데이 투자 프로그램)/574. 르몽_투자/02. 사후관리/01. 임시 및 정기 주주총회 (기타동의 포함),2026-01-28T01:32:11.016Z
1sLIsau5Md5HU0-Rnoe6H4d8_4bfsrjz2,02. 투자금사용내역 확인서,folder,application/vnd.google-apps.folder,0ADRmYMCfHI3HUk9PVA,투자실(권한 주의),1nb5siNynX3mnHDORJ_NXDSkEt-LA6Psu,/투자실(권한 주의)/02. 투자팀/02. 투자_단계별/03. 투자완료(재원별)/01. D.ANGEL (디데이 투자 프로그램)/574. 르몽_투자/02. 사후관리/02. 투자금사용내역 확인서,2026-01-28T01:32:04.748Z
1V7Q1ikbojIGOLTuWRWgpbd3S_y3eap36,재단연관기업 및 배치팀 리스트.xlsx의 사본_장상혁.xlsx,file,application/vnd.openxmlformats-officedocument.spreadsheetml.sheet,0ADRmYMCfHI3HUk9PVA,투자실(권한 주의),1X8-36VSyQBga_D1qUEpGB95TY99s924P,/투자실(권한 주의)/03. 펀드팀/09. 기타/재단연관기업 및 배치팀 리스트.xlsx의 사본_장상혁.xlsx,2026-01-28T00:53:04.061Z
1ozqcR6O6GKB9qOGg-cz2tJOHCm6csLUf,IV.5. 법인 및 이해관계인 인감증명서(신분증 사본 포함)_르몽,folder,application/vnd.google-apps.folder,0ADRmYMCfHI3HUk9PVA,투자실(권한 주의),1-Akyv9mHYcU2Ew1jRVua730THZSyFYo5,/투자실(권한 주의)/02. 투자팀/02. 투자_단계별/03. 투자완료(재원별)/01. D.ANGEL (디데이 투자 프로그램)/574. 르몽_투자/01. 투자서류/IV.5. 법인 및 이해관계인 인감증명서(신분증 사본 포함)_르몽,2026-01-28T01:18:27.365Z
1yLmUr1X38bh6iJbBc_o9g35p6yFROMdf,03. 기타,folder,application/vnd.google-apps.folder,0ADRmYMCfHI3HUk9PVA,투자실(권한 주의),1KCzwLfm6uTGvgwoVolxzqcCSpTO9z03R,/투자실(권한 주의)/02. 투자팀/02. 투자_단계별/03. 투자완료(재원별)/01. D.ANGEL (디데이 투자 프로그램)/574. 르몽_투자/03. 기타,2026-01-28T01:25:35.223Z
1nb5siNynX3mnHDORJ_NXDSkEt-LA6Psu,02. 사후관리,folder,application/vnd.google-apps.folder,0ADRmYMCfHI3HUk9PVA,투자실(권한 주의),1KCzwLfm6uTGvgwoVolxzqcCSpTO9z03R,/투자실(권한 주의)/02. 투자팀/02. 투자_단계별/03. 투자완료(재원별)/01. D.ANGEL (디데이 투자 프로그램)/574. 르몽_투자/02. 사후관리,2026-01-28T01:25:28.447Z
1-Akyv9mHYcU2Ew1jRVua730THZSyFYo5,01. 투자서류,folder,application/vnd.google-apps.folder,0ADRmYMCfHI3HUk9PVA,투자실(권한 주의),1KCzwLfm6uTGvgwoVolxzqcCSpTO9z03R,/투자실(권한 주의)/02. 투자팀/02. 투자_단계별/03. 투자완료(재원별)/01. D.ANGEL (디데이 투자 프로그램)/574. 르몽_투자/01. 투자서류,2026-01-28T01:22:49.366Z
1_ZTjebIDilwJh-v1vQZ3eT9dPMLkMKB_,00. 검토자료,folder,application/vnd.google-apps.folder,0ADRmYMCfHI3HUk9PVA,투자실(권한 주의),1KCzwLfm6uTGvgwoVolxzqcCSpTO9z03R,/투자실(권한 주의)/02. 투자팀/02. 투자_단계별/03. 투자완료(재원별)/01. D.ANGEL (디데이 투자 프로그램)/574. 르몽_투자/00. 검토자료,2026-01-13T02:29:04.529Z
1krdXYmluc2kUgKUwYBz09jgsEByWdMXQ,I.2. 회사 일반현황_르몽.xlsx,file,application/vnd.openxmlformats-officedocument.spreadsheetml.sheet,0ADRmYMCfHI3HUk9PVA,투자실(권한 주의),1_ZTjebIDilwJh-v1vQZ3eT9dPMLkMKB_,/투자실(권한 주의)/02. 투자팀/02. 투자_단계별/03. 투자완료(재원별)/01. D.ANGEL (디데이 투자 프로그램)/574. 르몽_투자/00. 검토자료/I.2. 회사 일반현황_르몽.xlsx,2026-01-13T02:29:09.523Z
1wC-NLZxgXwXO09E_Jl8-scBNgJK7ZsRx,IV.3. 르몽_개정정관(최종)_20250513_원본대조필.pdf,file,application/pdf,0ADRmYMCfHI3HUk9PVA,투자실(권한 주의),1-Akyv9mHYcU2Ew1jRVua730THZSyFYo5,/투자실(권한 주의)/02. 투자팀/02. 투자_단계별/03. 투자완료(재원별)/01. D.ANGEL (디데이 투자 프로그램)/574. 르몽_투자/01. 투자서류/IV.3. 르몽_개정정관(최종)_20250513_원본대조필.pdf,2026-01-13T02:29:10.866Z
1Hu6Uxz1R_lCl9q5s2AZCGI3GKdRFuz0E,IV.2. 사업자등록증_르몽,file,application/pdf,0ADRmYMCfHI3HUk9PVA,투자실(권한 주의),1-Akyv9mHYcU2Ew1jRVua730THZSyFYo5,/투자실(권한 주의)/02. 투자팀/02. 투자_단계별/03. 투자완료(재원별)/01. D.ANGEL (디데이 투자 프로그램)/574. 르몽_투자/01. 투자서류/IV.2. 사업자등록증_르몽,2026-01-13T02:29:10.424Z
1qd8dpd5eUD90fN9vRPh9bmF9rjdF-76M,IV.4. 주주명부_르몽,file,application/pdf,0ADRmYMCfHI3HUk9PVA,투자실(권한 주의),1-Akyv9mHYcU2Ew1jRVua730THZSyFYo5,/투자실(권한 주의)/02. 투자팀/02. 투자_단계별/03. 투자완료(재원별)/01. D.ANGEL (디데이 투자 프로그램)/574. 르몽_투자/01. 투자서류/IV.4. 주주명부_르몽,2026-01-13T02:29:10.933Z
1_JR5FHRH9JVkeBKTEAU6wRNi9XOsC-68,IV.6. 신주식청약서_르몽,file,application/pdf,0ADRmYMCfHI3HUk9PVA,투자실(권한 주의),1-Akyv9mHYcU2Ew1jRVua730THZSyFYo5,/투자실(권한 주의)/02. 투자팀/02. 투자_단계별/03. 투자완료(재원별)/01. D.ANGEL (디데이 투자 프로그램)/574. 르몽_투자/01. 투자서류/IV.6. 신주식청약서_르몽,2026-01-20T07:21:13.224Z
1LIl5hjuRNH3anh2Te7Pn6d3IAod4GF35,III.1. 이사회의사록_르몽,file,application/pdf,0ADRmYMCfHI3HUk9PVA,투자실(권한 주의),1-Akyv9mHYcU2Ew1jRVua730THZSyFYo5,/투자실(권한 주의)/02. 투자팀/02. 투자_단계별/03. 투자완료(재원별)/01. D.ANGEL (디데이 투자 프로그램)/574. 르몽_투자/01. 투자서류/III.1. 이사회의사록_르몽,2026-01-13T02:29:12.860Z
1_clQFgERpAz7ywQ1_y34NXXKJu8MgFIs,IV.1. 투자계약서_르몽,file,application/pdf,0ADRmYMCfHI3HUk9PVA,투자실(권한 주의),1-Akyv9mHYcU2Ew1jRVua730THZSyFYo5,/투자실(권한 주의)/02. 투자팀/02. 투자_단계별/03. 투자완료(재원별)/01. D.ANGEL (디데이 투자 프로그램)/574. 르몽_투자/01. 투자서류/IV.1. 투자계약서_르몽,2026-01-13T05:17:44.436Z
1pU_p5hMoXHrPFcyvw4yqtH3ZTwebbZ0B,V.1. 주권미발행확인서_르몽,file,application/pdf,0ADRmYMCfHI3HUk9PVA,투자실(권한 주의),1-Akyv9mHYcU2Ew1jRVua730THZSyFYo5,/투자실(권한 주의)/02. 투자팀/02. 투자_단계별/03. 투자완료(재원별)/01. D.ANGEL (디데이 투자 프로그램)/574. 르몽_투자/01. 투자서류/V.1. 주권미발행확인서_르몽,2026-01-13T05:19:10.471Z
11Sc5sZLiRKFdevHeb55KauwR9w-m7NHf,V.2. 주식인수증_르몽,file,application/pdf,0ADRmYMCfHI3HUk9PVA,투자실(권한 주의),1-Akyv9mHYcU2Ew1jRVua730THZSyFYo5,/투자실(권한 주의)/02. 투자팀/02. 투자_단계별/03. 투자완료(재원별)/01. D.ANGEL (디데이 투자 프로그램)/574. 르몽_투자/01. 투자서류/V.2. 주식인수증_르몽,2026-01-20T07:21:22.968Z
1b2q0GT2ZfLXnyHTJekDP7ghqqHKsqvFp,III.2. 주식금액납입계좌_르몽,file,application/pdf,0ADRmYMCfHI3HUk9PVA,투자실(권한 주의),1-Akyv9mHYcU2Ew1jRVua730THZSyFYo5,/투자실(권한 주의)/02. 투자팀/02. 투자_단계별/03. 투자완료(재원별)/01. D.ANGEL (디데이 투자 프로그램)/574. 르몽_투자/01. 투자서류/III.2. 주식금액납입계좌_르몽,2026-01-13T02:29:10.607Z
1QiSWEpGpcpOsxKxc2AYi-6BHf3QVnVmh,II.3. 납세증명서_르몽.pdf,file,application/pdf,0ADRmYMCfHI3HUk9PVA,투자실(권한 주의),1-Akyv9mHYcU2Ew1jRVua730THZSyFYo5,/투자실(권한 주의)/02. 투자팀/02. 투자_단계별/03. 투자완료(재원별)/01. D.ANGEL (디데이 투자 프로그램)/574. 르몽_투자/01. 투자서류/II.3. 납세증명서_르몽.pdf,2026-01-13T02:30:03.640Z
1YQTYJ0q9CfbekbMcFJmZAl0R0pqUYnMT,II.4. 납세사실증명서_르몽.pdf,file,application/pdf,0ADRmYMCfHI3HUk9PVA,투자실(권한 주의),1-Akyv9mHYcU2Ew1jRVua730THZSyFYo5,/투자실(권한 주의)/02. 투자팀/02. 투자_단계별/03. 투자완료(재원별)/01. D.ANGEL (디데이 투자 프로그램)/574. 르몽_투자/01. 투자서류/II.4. 납세사실증명서_르몽.pdf,2026-01-13T02:29:10.149Z
1l4TddtBkc7Sj4rqAlLgRQJDnFsoESIr7,II.2. 법인등기사항전부증명서_르몽_260107.pdf,file,application/pdf,0ADRmYMCfHI3HUk9PVA,투자실(권한 주의),1-Akyv9mHYcU2Ew1jRVua730THZSyFYo5,/투자실(권한 주의)/02. 투자팀/02. 투자_단계별/03. 투자완료(재원별)/01. D.ANGEL (디데이 투자 프로그램)/574. 르몽_투자/01. 투자서류/II.2. 법인등기사항전부증명서_르몽_260107.pdf,2026-01-13T02:29:10.752Z
1AKo6nOW9xH9DnmqwEwVbtpifZe3SwxSp,I.1. 르몽_사업계획서 포함_디캠프 IR 최종.pdf,file,application/pdf,0ADRmYMCfHI3HUk9PVA,투자실(권한 주의),1_ZTjebIDilwJh-v1vQZ3eT9dPMLkMKB_,/투자실(권한 주의)/02. 투자팀/02. 투자_단계별/03. 투자완료(재원별)/01. D.ANGEL (디데이 투자 프로그램)/574. 르몽_투자/00. 검토자료/I.1. 르몽_사업계획서 포함_디캠프 IR 최종.pdf,2026-01-13T02:29:36.625Z
1_2LD-6t8OJqnWIg5V22S3p-4pToUzrIV,I.8. 르몽_투자조건(termsheet)_기존리드사 자료.pdf,file,application/pdf,0ADRmYMCfHI3HUk9PVA,투자실(권한 주의),1_ZTjebIDilwJh-v1vQZ3eT9dPMLkMKB_,/투자실(권한 주의)/02. 투자팀/02. 투자_단계별/03. 투자완료(재원별)/01. D.ANGEL (디데이 투자 프로그램)/574. 르몽_투자/00. 검토자료/I.8. 르몽_투자조건(termsheet)_기존리드사 자료.pdf,2026-01-13T02:29:10.325Z
1ueraD03A8aKhhftnsdeRhR_RwlBhwgs-,I.9. cap table(이전 투자 내역 포함)_르몽.xlsx,file,application/vnd.openxmlformats-officedocument.spreadsheetml.sheet,0ADRmYMCfHI3HUk9PVA,투자실(권한 주의),1_ZTjebIDilwJh-v1vQZ3eT9dPMLkMKB_,/투자실(권한 주의)/02. 투자팀/02. 투자_단계별/03. 투자완료(재원별)/01. D.ANGEL (디데이 투자 프로그램)/574. 르몽_투자/00. 검토자료/I.9. cap table(이전 투자 내역 포함)_르몽.xlsx,2026-01-13T02:29:10.078Z
1UETb7KwWuUgyeHAn1HWJxHmRtg_e2hAq,I.10. 주식매수선택권(스톡옵션) 발행 리스트_르몽.xlsx,file,application/vnd.openxmlformats-officedocument.spreadsheetml.sheet,0ADRmYMCfHI3HUk9PVA,투자실(권한 주의),1_ZTjebIDilwJh-v1vQZ3eT9dPMLkMKB_,/투자실(권한 주의)/02. 투자팀/02. 투자_단계별/03. 투자완료(재원별)/01. D.ANGEL (디데이 투자 프로그램)/574. 르몽_투자/00. 검토자료/I.10. 주식매수선택권(스톡옵션) 발행 리스트_르몽.xlsx,2026-01-13T02:29:06.740Z
1g7XnIgebdPZkb9PeQqLFev_qlAI28NAO,I.12. 차입금현황_르몽.xlsx,file,application/vnd.openxmlformats-officedocument.spreadsheetml.sheet,0ADRmYMCfHI3HUk9PVA,투자실(권한 주의),1_ZTjebIDilwJh-v1vQZ3eT9dPMLkMKB_,/투자실(권한 주의)/02. 투자팀/02. 투자_단계별/03. 투자완료(재원별)/01. D.ANGEL (디데이 투자 프로그램)/574. 르몽_투자/00. 검토자료/I.12. 차입금현황_르몽.xlsx,2026-01-13T02:29:07.343Z
1rZx3Pe3F5l4NIlxOQjrQmlMvG5yTJCld,I.17. 주요 임직원 급여 현황_르몽.xlsx,file,application/vnd.openxmlformats-officedocument.spreadsheetml.sheet,0ADRmYMCfHI3HUk9PVA,투자실(권한 주의),1_ZTjebIDilwJh-v1vQZ3eT9dPMLkMKB_,/투자실(권한 주의)/02. 투자팀/02. 투자_단계별/03. 투자완료(재원별)/01. D.ANGEL (디데이 투자 프로그램)/574. 르몽_투자/00. 검토자료/I.17. 주요 임직원 급여 현황_르몽.xlsx,2026-01-13T02:29:09.414Z
1DGgWyxPyb9SCQbqDdCrpYstOliqAI4MA,I.11. 재무제표 및 부속명세서_르몽,file,application/pdf,0ADRmYMCfHI3HUk9PVA,투자실(권한 주의),1_ZTjebIDilwJh-v1vQZ3eT9dPMLkMKB_,/투자실(권한 주의)/02. 투자팀/02. 투자_단계별/03. 투자완료(재원별)/01. D.ANGEL (디데이 투자 프로그램)/574. 르몽_투자/00. 검토자료/I.11. 재무제표 및 부속명세서_르몽,2026-01-13T02:29:08.921Z
18udnbJpRJwI7VO-65MJ687LLEUdF25y-,IV.4. 주주명부_르몽,file,application/pdf,0ADRmYMCfHI3HUk9PVA,투자실(권한 주의),1_ZTjebIDilwJh-v1vQZ3eT9dPMLkMKB_,/투자실(권한 주의)/02. 투자팀/02. 투자_단계별/03. 투자완료(재원별)/01. D.ANGEL (디데이 투자 프로그램)/574. 르몽_투자/00. 검토자료/IV.4. 주주명부_르몽,2026-01-13T02:29:07.313Z
18SBrq7-oHZZJnU2sC8E9B1CCNi1SdBQX,II.2. 법인등기사항전부증명서_르몽,file,application/pdf,0ADRmYMCfHI3HUk9PVA,투자실(권한 주의),1_ZTjebIDilwJh-v1vQZ3eT9dPMLkMKB_,/투자실(권한 주의)/02. 투자팀/02. 투자_단계별/03. 투자완료(재원별)/01. D.ANGEL (디데이 투자 프로그램)/574. 르몽_투자/00. 검토자료/II.2. 법인등기사항전부증명서_르몽,2026-01-13T02:29:55.012Z
1kgb6WHJeETv-ppRdeFw_w8dkCFPdZTRq,IV.3. 정관_르몽,file,application/pdf,0ADRmYMCfHI3HUk9PVA,투자실(권한 주의),1_ZTjebIDilwJh-v1vQZ3eT9dPMLkMKB_,/투자실(권한 주의)/02. 투자팀/02. 투자_단계별/03. 투자완료(재원별)/01. D.ANGEL (디데이 투자 프로그램)/574. 르몽_투자/00. 검토자료/IV.3. 정관_르몽,2026-01-13T02:30:00.191Z
1MbN_ngMoxCKSR7eoVbfKhLUp0BueJ1DS,I.13. 이전 투자계약서_르몽,file,application/zip,0ADRmYMCfHI3HUk9PVA,투자실(권한 주의),1_ZTjebIDilwJh-v1vQZ3eT9dPMLkMKB_,/투자실(권한 주의)/02. 투자팀/02. 투자_단계별/03. 투자완료(재원별)/01. D.ANGEL (디데이 투자 프로그램)/574. 르몽_투자/00. 검토자료/I.13. 이전 투자계약서_르몽,2026-01-13T02:29:51.630Z
1GYOpGNSWGETINzePKdBwf2T2BBEhU2ni,II.3. 납세증명서_지방세_르몽,file,application/pdf,0ADRmYMCfHI3HUk9PVA,투자실(권한 주의),1_ZTjebIDilwJh-v1vQZ3eT9dPMLkMKB_,/투자실(권한 주의)/02. 투자팀/02. 투자_단계별/03. 투자완료(재원별)/01. D.ANGEL (디데이 투자 프로그램)/574. 르몽_투자/00. 검토자료/II.3. 납세증명서_지방세_르몽,2026-01-13T02:29:08.856Z
1WDPkEs6-pZTI3FxKFb8SZg0PmisQBx5D,II.3. 납세증명서_국세_르몽,file,application/pdf,0ADRmYMCfHI3HUk9PVA,투자실(권한 주의),1_ZTjebIDilwJh-v1vQZ3eT9dPMLkMKB_,/투자실(권한 주의)/02. 투자팀/02. 투자_단계별/03. 투자완료(재원별)/01. D.ANGEL (디데이 투자 프로그램)/574. 르몽_투자/00. 검토자료/II.3. 납세증명서_국세_르몽,2026-01-13T02:29:08.119Z
1GG_yh7jm2tHFo-hxaEklKF8gclnW1Vi7,IV.2. 사업자등록증_르몽,file,application/pdf,0ADRmYMCfHI3HUk9PVA,투자실(권한 주의),1_ZTjebIDilwJh-v1vQZ3eT9dPMLkMKB_,/투자실(권한 주의)/02. 투자팀/02. 투자_단계별/03. 투자완료(재원별)/01. D.ANGEL (디데이 투자 프로그램)/574. 르몽_투자/00. 검토자료/IV.2. 사업자등록증_르몽,2026-01-13T02:29:10.016Z
1u7FQ-zrWNGaOAojnuSFHrv4Z3F7XDEx9,VI.2. 납입후 법인등기사항전부증명서_르몽_260127,file,application/pdf,0ADRmYMCfHI3HUk9PVA,투자실(권한 주의),1-Akyv9mHYcU2Ew1jRVua730THZSyFYo5,/투자실(권한 주의)/02. 투자팀/02. 투자_단계별/03. 투자완료(재원별)/01. D.ANGEL (디데이 투자 프로그램)/574. 르몽_투자/01. 투자서류/VI.2. 납입후 법인등기사항전부증명서_르몽_260127,2026-01-28T00:33:10.000Z
1Qfy4D-iIDJu9MzOpitYYO1YiRItBykUn,VI.1. 납입후 주주명부_르몽_260127,file,application/pdf,0ADRmYMCfHI3HUk9PVA,투자실(권한 주의),1-Akyv9mHYcU2Ew1jRVua730THZSyFYo5,/투자실(권한 주의)/02. 투자팀/02. 투자_단계별/03. 투자완료(재원별)/01. D.ANGEL (디데이 투자 프로그램)/574. 르몽_투자/01. 투자서류/VI.1. 납입후 주주명부_르몽_260127,2026-01-28T00:33:10.000Z
12CCMjcUSfXEpOmJJFNPAeeIP3CO5lReOb4OYsT-Ik1A,2026년 투자심사위원회(직접투자분과) 정기일정표,file,application/vnd.google-apps.document,0ADRmYMCfHI3HUk9PVA,투자실(권한 주의),14cvjoLtdRIImaR10lrk7JmgMSKU1Z096,/투자실(권한 주의)/08. 투자심사위원회/2026/2026년 고정일정/추가일정 논의(투전-투자)/2026년 투자심사위원회(직접투자분과) 정기일정표,2025-12-03T00:03:26.621Z
1lDEkOSzVhWfM1xPUpCH2Q1J37KO4yB9m,"IV.2. 사업자등록증_피트인 (의왕본점, 교욱서비스업).pdf",file,application/pdf,0ADRmYMCfHI3HUk9PVA,투자실(권한 주의),1XugNs-8q46AMP380EFNPHIdY6ZVFonfx,"/투자실(권한 주의)/02. 투자팀/02. 투자_단계별/03. 투자완료(재원별)/01. D.ANGEL (디데이 투자 프로그램)/564. 피트인_투자/01. 투자서류/IV.2. 사업자등록증_피트인 (의왕본점, 교욱서비스업).pdf",2026-01-26T05:09:08.670Z
1rxxaGHK1U4W-DCqP_2TDf8uw7mqXP9CAUOn5dgi55sc,패밀리사 전체기업정보,file,application/vnd.google-apps.spreadsheet,0ANZ0zrjYd7mCUk9PVA,My Drive,,/My Drive/패밀리사 전체기업정보,2026-01-08T10:33:15.574Z
